{
  "auth": {},
  "document": {
    "version": "1.0.0",
    "hash": {
      "algorithm": "sha1",
      "encoding": "base64"
    }
  },
  "global": {
    "id": "",
    "name": "",
    "extension": "",
    "description": "",
    "author": {
      "name": "",
      "website": ""
    },
    "specifications": [
      {
        "version": 1,
        "changeLog": [],
        "state": {
          "global": {
            "schema": "",
            "initialValue": "",
            "examples": []
          },
          "local": {
            "schema": "",
            "initialValue": "",
            "examples": []
          }
        },
        "modules": []
      }
    ]
  },
  "local": {}
}