{
  "attachments": {},
  "created": "2025-04-28T10:22:20.255Z",
  "documentType": "powerhouse/document-model",
  "lastModified": "2025-04-28T10:22:20.255Z",
  "name": "",
  "revision": {
    "global": 0,
    "local": 0
  },
  "state": {
    "global": {
      "author": {
        "name": "",
        "website": ""
      },
      "description": "",
      "extension": "",
      "id": "",
      "name": "",
      "specifications": [
        {
          "changeLog": [],
          "modules": [],
          "state": {
            "global": {
              "examples": [],
              "initialValue": "",
              "schema": ""
            },
            "local": {
              "examples": [],
              "initialValue": "",
              "schema": ""
            }
          },
          "version": 1
        }
      ]
    },
    "local": {}
  }
}