{
  "global": [
    {
      "id": "3ef88dfa-e639-437e-9266-680f0cc7cc04",
      "timestamp": "2025-06-10T15:21:31.879Z",
      "skip": 0,
      "type": "SET_MODEL_NAME",
      "input": {
        "name": "Billing Statement"
      },
      "hash": "yPTmVJmgpXswyy28bZkm5wKqZi8=",
      "index": 0,
      "context": null,
      "scope": "global",
      "branch": "main"
    },
    {
      "id": "b20894e9-15f7-4934-ad54-97012828b7c7",
      "timestamp": "2025-06-10T15:21:31.879Z",
      "skip": 0,
      "type": "SET_STATE_SCHEMA",
      "input": {
        "schema": "type BillingStatementState {\n  \"Add your global state fields here\"\n  _placeholder: String\n}",
        "scope": "global"
      },
      "hash": "O9P1++8sbXhDZn8/PSFyBUe4TGA=",
      "index": 1,
      "context": null,
      "scope": "global",
      "branch": "main"
    },
    {
      "id": "12962a9b-d259-43a3-a507-028c848430d8",
      "timestamp": "2025-06-10T15:21:42.615Z",
      "skip": 0,
      "type": "SET_MODEL_ID",
      "input": {
        "id": "powerhouse/billing-statement"
      },
      "hash": "O7i9yC0ZZigWa5PIxmWPjEZ+bLM=",
      "index": 2,
      "context": null,
      "scope": "global",
      "branch": "main"
    },
    {
      "id": "7c46fd07-60dd-4e69-8440-c750b5aa1cac",
      "timestamp": "2025-06-10T15:21:58.390Z",
      "skip": 0,
      "type": "SET_MODEL_EXTENSION",
      "input": {
        "extension": ".phdm"
      },
      "hash": "YHm3G4vKHpsAGdAJEtfrWdhE+os=",
      "index": 3,
      "context": null,
      "scope": "global",
      "branch": "main"
    },
    {
      "id": "3c76af52-f661-4a21-816e-606f7cad9ac6",
      "timestamp": "2025-06-10T15:29:49.526Z",
      "skip": 0,
      "type": "SET_STATE_SCHEMA",
      "input": {
        "schema": "",
        "scope": "global"
      },
      "hash": "v2JMtQW6HCnR+x5E6zISqekUTnc=",
      "index": 4,
      "context": null,
      "scope": "global",
      "branch": "main"
    },
    {
      "id": "a2c78ddc-57ec-4773-a821-8e3f60c6a7cc",
      "timestamp": "2025-06-10T15:29:55.462Z",
      "skip": 0,
      "type": "SET_STATE_SCHEMA",
      "input": {
        "schema": "type BillingStatementState {\n  contributor: AID\n  dateIssued: DateTime! # default = current DateTime as passed by the editor\n  dateDue: DateTime\n  lineItems: [BillingStatementLineItem!]!\n  status: StatementStatus!\n  currency: String!\n  totalCash: Float!\n  totalPowt: Float!\n}\n\ntype BillingStatementLineItem {\n  id: OID!\n  description: String!\n  quantity: Float!\n  unitPricePwt: Float!\n  unitPriceCash: Float!\n  totalPricePwt: Float!\n  totalPriceCash: Float!\n  lineItemTag: [BillingStatementTag!]! # Optional field for real-world accounting integration\n}\n\ntype BillingStatementTag {\n  dimension: String!  # \"budget\", \"actuals\", \"realized-expenses\", ...\n  value: String!      # \"AA-001\", ..., ..., \"2025/05\", \"2025/Q1\", ...\n  label: String       # \"Atlas Axis\", ..., \"Legacy\", ..., null\n}\n\nenum StatementStatus {\n  DRAFT\n  SUBMITTED\n  IN_REVIEW\n  REVISION\n  REJECTED\n  APPROVED\n  PAID\n}\n",
        "scope": "global"
      },
      "hash": "LbalEs1fh53YgT+NHVjfNABYvH8=",
      "index": 5,
      "context": null,
      "scope": "global",
      "branch": "main"
    },
    {
      "id": "a8a5f9e8-0b53-4846-95e9-d195bd2c7eef",
      "timestamp": "2025-06-10T15:30:19.754Z",
      "skip": 0,
      "type": "SET_STATE_SCHEMA",
      "input": {
        "schema": "type BillingStatementState {\n  contributor: AID\n  dateIssued: DateTime!\n  dateDue: DateTime\n  lineItems: [BillingStatementLineItem!]!\n  status: StatementStatus!\n  currency: String!\n  totalCash: Float!\n  totalPowt: Float!\n}\n\ntype BillingStatementLineItem {\n  id: OID!\n  description: String!\n  quantity: Float!\n  unitPricePwt: Float!\n  unitPriceCash: Float!\n  totalPricePwt: Float!\n  totalPriceCash: Float!\n  lineItemTag: [BillingStatementTag!]!\n}\n\ntype BillingStatementTag {\n  dimension: String!\n  value: String!\n  label: String\n}\n\nenum StatementStatus {\n  DRAFT\n  SUBMITTED\n  IN_REVIEW\n  REVISION\n  REJECTED\n  APPROVED\n  PAID\n}\n",
        "scope": "global"
      },
      "hash": "0uj8PtlS3mF2N3MlQjGHv/XkQaQ=",
      "index": 6,
      "context": null,
      "scope": "global",
      "branch": "main"
    },
    {
      "id": "7a11839c-4b62-4f3b-9985-b7f15141d4e5",
      "timestamp": "2025-06-10T15:35:20.110Z",
      "skip": 0,
      "type": "SET_STATE_SCHEMA",
      "input": {
        "schema": "type BillingStatementState {\n  contributor: AID\n  dateIssued: DateTime!\n  dateDue: DateTime\n  lineItems: [BillingStatementLineItem!]!\n  status: StatementStatus!\n  currency: String!\n  totalCash: Float!\n  totalPowt: Float!\n}\n\ntype BillingStatementLineItem {\n  id: OID!\n  description: String!\n  quantity: Float!\n  unitPricePwt: Float!\n  unitPriceCash: Float!\n  totalPricePwt: Float!\n  totalPriceCash: Float!\n  lineItemTag: [BillingStatementTag!]!\n}\n\ntype BillingStatementTag {\n  dimension: String!\n  value: String!\n  label: String\n}\n\nenum StatementStatus {\n  DRAFT\n  ISSUED\n  ACCEPTED\n  REJECTED\n  PAID\n}\n\nenum Status {\n  DRAFT\n  ISSUED\n  CANCELLED\n  ACCEPTED\n  REJECTED\n  AWAITINGPAYMENT\n  PAYMENTSCHEDULED\n  PAYMENTSENT\n  PAYMENTISSUE\n  PAYMENTRECEIVED\n}\n",
        "scope": "global"
      },
      "hash": "BtnPOqVoum4mtQk1oNrtPNTGepc=",
      "index": 7,
      "context": null,
      "scope": "global",
      "branch": "main"
    },
    {
      "id": "be2c856a-d0bd-4692-ad3a-ecfd8f06b622",
      "timestamp": "2025-06-10T15:35:20.116Z",
      "skip": 0,
      "type": "SET_STATE_SCHEMA",
      "input": {
        "schema": "type BillingStatementState {\n  contributor: AID\n  dateIssued: DateTime!\n  dateDue: DateTime\n  lineItems: [BillingStatementLineItem!]!\n  status: StatementStatus!\n  currency: String!\n  totalCash: Float!\n  totalPowt: Float!\n}\n\ntype BillingStatementLineItem {\n  id: OID!\n  description: String!\n  quantity: Float!\n  unitPricePwt: Float!\n  unitPriceCash: Float!\n  totalPricePwt: Float!\n  totalPriceCash: Float!\n  lineItemTag: [BillingStatementTag!]!\n}\n\ntype BillingStatementTag {\n  dimension: String!\n  value: String!\n  label: String\n}\n\nenum StatementStatus {\n  DRAFT\n  ISSUED\n  ACCEPTED\n  REJECTED\n  PAID\n}\n\nenum Status {\n  DRAFT\n  ISSUED\n  CANCELLED\n  ACCEPTED\n  REJECTED\n  AWAITINGPAYMENT\n  PAYMENTSCHEDULED\n  PAYMENTSENT\n  PAYMENTISSUE\n  PAYMENTRECEIVED\n}\n",
        "scope": "global"
      },
      "hash": "BtnPOqVoum4mtQk1oNrtPNTGepc=",
      "index": 8,
      "context": null,
      "scope": "global",
      "branch": "main"
    },
    {
      "id": "6bdbfd09-b10d-4b18-9b56-a73541602ecf",
      "timestamp": "2025-06-10T15:35:38.110Z",
      "skip": 0,
      "type": "SET_STATE_SCHEMA",
      "input": {
        "schema": "type BillingStatementState {\n  contributor: AID\n  dateIssued: DateTime!\n  dateDue: DateTime\n  lineItems: [BillingStatementLineItem!]!\n  status: StatementStatus!\n  currency: String!\n  totalCash: Float!\n  totalPowt: Float!\n}\n\ntype BillingStatementLineItem {\n  id: OID!\n  description: String!\n  quantity: Float!\n  unitPricePwt: Float!\n  unitPriceCash: Float!\n  totalPricePwt: Float!\n  totalPriceCash: Float!\n  lineItemTag: [BillingStatementTag!]!\n}\n\ntype BillingStatementTag {\n  dimension: String!\n  value: String!\n  label: String\n}\n\nenum BillingStatementStatus {\n  DRAFT\n  ISSUED\n  ACCEPTED\n  REJECTED\n  PAID\n}\n\n",
        "scope": "global"
      },
      "hash": "lc1VENXHXiKI0DDK3j6OAnvFX3U=",
      "index": 9,
      "context": null,
      "scope": "global",
      "branch": "main"
    },
    {
      "id": "e5870c65-5cc7-418f-8fb7-3cb3ca6791e3",
      "timestamp": "2025-06-10T15:35:38.111Z",
      "skip": 0,
      "type": "SET_STATE_SCHEMA",
      "input": {
        "schema": "type BillingStatementState {\n  contributor: AID\n  dateIssued: DateTime!\n  dateDue: DateTime\n  lineItems: [BillingStatementLineItem!]!\n  status: StatementStatus!\n  currency: String!\n  totalCash: Float!\n  totalPowt: Float!\n}\n\ntype BillingStatementLineItem {\n  id: OID!\n  description: String!\n  quantity: Float!\n  unitPricePwt: Float!\n  unitPriceCash: Float!\n  totalPricePwt: Float!\n  totalPriceCash: Float!\n  lineItemTag: [BillingStatementTag!]!\n}\n\ntype BillingStatementTag {\n  dimension: String!\n  value: String!\n  label: String\n}\n\nenum BillingStatementStatus {\n  DRAFT\n  ISSUED\n  ACCEPTED\n  REJECTED\n  PAID\n}\n\n",
        "scope": "global"
      },
      "hash": "lc1VENXHXiKI0DDK3j6OAnvFX3U=",
      "index": 10,
      "context": null,
      "scope": "global",
      "branch": "main"
    },
    {
      "id": "988fac91-b414-4603-be28-66c6a28db513",
      "timestamp": "2025-06-10T15:36:20.494Z",
      "skip": 0,
      "type": "SET_AUTHOR_WEBSITE",
      "input": {
        "authorWebsite": "https://powerhouse.inc"
      },
      "hash": "2aFlEkH56lKog0gRY6Xze33YIHk=",
      "index": 11,
      "context": null,
      "scope": "global",
      "branch": "main"
    },
    {
      "id": "03b55c01-4d4e-4c99-a0bb-60ad551859ba",
      "timestamp": "2025-06-10T15:36:22.955Z",
      "skip": 0,
      "type": "SET_AUTHOR_NAME",
      "input": {
        "authorName": "Powerhouse"
      },
      "hash": "TEDa0XfuORDFZDcH92ga//OG5cc=",
      "index": 12,
      "context": null,
      "scope": "global",
      "branch": "main"
    },
    {
      "id": "84c419ee-19ae-4adf-ac0e-ce067dca77f4",
      "timestamp": "2025-06-10T15:37:49.936Z",
      "skip": 0,
      "type": "SET_STATE_SCHEMA",
      "input": {
        "schema": "type BillingStatementState {\n  contributor: PHID\n  dateIssued: DateTime!\n  dateDue: DateTime\n  lineItems: [BillingStatementLineItem!]!\n  status: StatementStatus!\n  currency: String!\n  totalCash: Float!\n  totalPowt: Float!\n}\n\ntype BillingStatementLineItem {\n  id: OID!\n  description: String!\n  quantity: Float!\n  unitPricePwt: Float!\n  unitPriceCash: Float!\n  totalPricePwt: Float!\n  totalPriceCash: Float!\n  lineItemTag: [BillingStatementTag!]!\n}\n\ntype BillingStatementTag {\n  dimension: String!\n  value: String!\n  label: String\n}\n\nenum BillingStatementStatus {\n  DRAFT\n  ISSUED\n  ACCEPTED\n  REJECTED\n  PAID\n}\n\n",
        "scope": "global"
      },
      "hash": "NlUoK5UsMd0IvgjBEbXUHbLWeK4=",
      "index": 13,
      "context": null,
      "scope": "global",
      "branch": "main"
    },
    {
      "id": "55b965cc-9626-454d-be12-cf5b68c2f44b",
      "timestamp": "2025-06-10T15:40:17.593Z",
      "skip": 0,
      "type": "SET_STATE_SCHEMA",
      "input": {
        "schema": "type BillingStatementState {\n  contributor: PHID\n  dateIssued: DateTime!\n  dateDue: DateTime\n  lineItems: [BillingStatementLineItem!]!\n  status: BillingStatementStatus!\n  currency: String!\n  totalCash: Float!\n  totalPowt: Float!\n}\n\ntype BillingStatementLineItem {\n  id: OID!\n  description: String!\n  quantity: Float!\n  unitPricePwt: Float!\n  unitPriceCash: Float!\n  totalPricePwt: Float!\n  totalPriceCash: Float!\n  lineItemTag: [BillingStatementTag!]!\n}\n\ntype BillingStatementTag {\n  dimension: String!\n  value: String!\n  label: String\n}\n\nenum BillingStatementStatus {\n  DRAFT\n  ISSUED\n  ACCEPTED\n  REJECTED\n  PAID\n}\n\n",
        "scope": "global"
      },
      "hash": "sVf92/PqMKwtOgKSxo7VmvjEDB4=",
      "index": 14,
      "context": null,
      "scope": "global",
      "branch": "main"
    },
    {
      "id": "d7cf321a-e166-4970-a4e1-5134cb12b44a",
      "timestamp": "2025-06-10T15:40:50.659Z",
      "skip": 0,
      "type": "SET_STATE_SCHEMA",
      "input": {
        "schema": "type BillingStatementState {\n  contributor: PHID\n  dateIssued: DateTime!\n  dateDue: DateTime\n  lineItems: [BillingStatementLineItem!]!\n  status: BillingStatementStatus!\n  currency: String!\n  totalCash: Float!\n  totalPowt: Float!\n  notes: String\n}\n\ntype BillingStatementLineItem {\n  id: OID!\n  description: String!\n  quantity: Float!\n  unitPricePwt: Float!\n  unitPriceCash: Float!\n  totalPricePwt: Float!\n  totalPriceCash: Float!\n  lineItemTag: [BillingStatementTag!]!\n}\n\ntype BillingStatementTag {\n  dimension: String!\n  value: String!\n  label: String\n}\n\nenum BillingStatementStatus {\n  DRAFT\n  ISSUED\n  ACCEPTED\n  REJECTED\n  PAID\n}\n\n",
        "scope": "global"
      },
      "hash": "3w3or8HI/uv+MR4Oiyt+FfD5RAs=",
      "index": 15,
      "context": null,
      "scope": "global",
      "branch": "main"
    },
    {
      "id": "bc95af9b-6efa-4a63-9287-21558e705d3e",
      "timestamp": "2025-06-10T15:41:32.662Z",
      "skip": 0,
      "type": "ADD_MODULE",
      "input": {
        "id": "dnNu8Q38g6PEhUWWnwSWA1mTr40=",
        "name": "general"
      },
      "hash": "fqA9TaOI7wQH1JaztbaULQNNpco=",
      "index": 16,
      "context": null,
      "scope": "global",
      "branch": "main"
    },
    {
      "id": "ae096a61-2db5-4e3f-9537-698a74163a55",
      "timestamp": "2025-06-10T15:41:44.017Z",
      "skip": 0,
      "type": "ADD_OPERATION",
      "input": {
        "id": "obKvjYTcH1TKFjSO5DGtmC9HS7w=",
        "moduleId": "dnNu8Q38g6PEhUWWnwSWA1mTr40=",
        "name": "EDIT_BILLING_STATEMENT"
      },
      "hash": "PSfhPQM+lz2gBE+TYya27NpjFaM=",
      "index": 17,
      "context": null,
      "scope": "global",
      "branch": "main"
    },
    {
      "id": "e795a8f7-72ed-4126-abdb-0fde27573d68",
      "timestamp": "2025-06-10T15:41:44.038Z",
      "skip": 0,
      "type": "SET_OPERATION_SCHEMA",
      "input": {
        "id": "obKvjYTcH1TKFjSO5DGtmC9HS7w=",
        "schema": "input EditBillingStatementInput {\n  \"Add your inputs here\"\n  _placeholder: String\n}"
      },
      "hash": "uZ4rkbmLEy9CX8ETvHf/V7Y+LV4=",
      "index": 18,
      "context": null,
      "scope": "global",
      "branch": "main"
    },
    {
      "id": "58543606-751b-4054-8b17-c4a044e0726f",
      "timestamp": "2025-06-10T15:42:00.117Z",
      "skip": 0,
      "type": "SET_OPERATION_SCHEMA",
      "input": {
        "id": "obKvjYTcH1TKFjSO5DGtmC9HS7w=",
        "schema": "input EditBillingStatementInput {\n  \n}"
      },
      "hash": "shQa+AuiDQDTZqNRKjTZIAFU9ho=",
      "index": 19,
      "context": null,
      "scope": "global",
      "branch": "main"
    },
    {
      "id": "1e1397c8-2792-4853-af6a-66402979de76",
      "timestamp": "2025-06-10T15:42:00.118Z",
      "skip": 0,
      "type": "SET_OPERATION_SCHEMA",
      "input": {
        "id": "obKvjYTcH1TKFjSO5DGtmC9HS7w=",
        "schema": "input EditBillingStatementInput {\n  \n}"
      },
      "hash": "shQa+AuiDQDTZqNRKjTZIAFU9ho=",
      "index": 20,
      "context": null,
      "scope": "global",
      "branch": "main"
    },
    {
      "id": "4de7d856-881a-4411-bb67-404d57196904",
      "timestamp": "2025-06-10T15:42:17.873Z",
      "skip": 0,
      "type": "SET_INITIAL_STATE",
      "input": {
        "initialValue": "{\n  \"contributor\": \"\",\n  \"dateIssued\": \"2025-06-10T15:42:17.873Z\",\n  \"dateDue\": \"2025-06-10T15:42:17.873Z\",\n  \"lineItems\": [],\n  \"status\": \"DRAFT\",\n  \"currency\": \"\",\n  \"totalCash\": 0,\n  \"totalPowt\": 0,\n  \"notes\": \"\"\n}",
        "scope": "global"
      },
      "hash": "wcMBy1fPCUS15eB8AnXbUov1ysg=",
      "index": 21,
      "context": null,
      "scope": "global",
      "branch": "main"
    },
    {
      "id": "ff99002c-3fb8-41c5-8172-ca29fa797999",
      "timestamp": "2025-06-10T15:42:27.118Z",
      "skip": 0,
      "type": "SET_OPERATION_SCHEMA",
      "input": {
        "id": "obKvjYTcH1TKFjSO5DGtmC9HS7w=",
        "schema": "input EditBillingStatementInput {\n  dateIssued: DateTime!\n  dateDue: DateTime\n  lineItems: [BillingStatementLineItem!]!\n  status: BillingStatementStatus!\n  currency: String!\n  totalCash: Float!\n  totalPowt: Float!\n  notes: String\n}"
      },
      "hash": "kDTZDtoQkO6/BNl9oFM1iVg4RYA=",
      "index": 22,
      "context": null,
      "scope": "global",
      "branch": "main"
    },
    {
      "id": "6ffebe15-9b7f-4ac9-9b11-beabb1f759e6",
      "timestamp": "2025-06-10T15:42:27.120Z",
      "skip": 0,
      "type": "SET_OPERATION_SCHEMA",
      "input": {
        "id": "obKvjYTcH1TKFjSO5DGtmC9HS7w=",
        "schema": "input EditBillingStatementInput {\n  dateIssued: DateTime!\n  dateDue: DateTime\n  lineItems: [BillingStatementLineItem!]!\n  status: BillingStatementStatus!\n  currency: String!\n  totalCash: Float!\n  totalPowt: Float!\n  notes: String\n}"
      },
      "hash": "kDTZDtoQkO6/BNl9oFM1iVg4RYA=",
      "index": 23,
      "context": null,
      "scope": "global",
      "branch": "main"
    },
    {
      "id": "5f0d2a6d-a005-499b-98c7-3d1d3b6f02f7",
      "timestamp": "2025-06-10T15:42:39.118Z",
      "skip": 0,
      "type": "SET_OPERATION_SCHEMA",
      "input": {
        "id": "obKvjYTcH1TKFjSO5DGtmC9HS7w=",
        "schema": "input EditBillingStatementInput {\n  dateIssued: DateTime\n  dateDue: DateTime\n  status: BillingStatementStatus\n  currency: String!\n  totalCash: Float!\n  totalPowt: Float!\n  notes: String\n}"
      },
      "hash": "2+BSIzXyIBWJVIczdwXnef4lXMM=",
      "index": 24,
      "context": null,
      "scope": "global",
      "branch": "main"
    },
    {
      "id": "41eb5fd7-de21-4a8b-bc56-e317fa592245",
      "timestamp": "2025-06-10T15:42:39.120Z",
      "skip": 0,
      "type": "SET_OPERATION_SCHEMA",
      "input": {
        "id": "obKvjYTcH1TKFjSO5DGtmC9HS7w=",
        "schema": "input EditBillingStatementInput {\n  dateIssued: DateTime\n  dateDue: DateTime\n  status: BillingStatementStatus\n  currency: String!\n  totalCash: Float!\n  totalPowt: Float!\n  notes: String\n}"
      },
      "hash": "2+BSIzXyIBWJVIczdwXnef4lXMM=",
      "index": 25,
      "context": null,
      "scope": "global",
      "branch": "main"
    },
    {
      "id": "c738e5fb-a124-4134-96dd-64b77b809685",
      "timestamp": "2025-06-10T15:42:44.121Z",
      "skip": 0,
      "type": "SET_OPERATION_SCHEMA",
      "input": {
        "id": "obKvjYTcH1TKFjSO5DGtmC9HS7w=",
        "schema": "input EditBillingStatementInput {\n  dateIssued: DateTime\n  dateDue: DateTime\n  currency: String!\n  totalCash: Float!\n  totalPowt: Float!\n  notes: String\n}"
      },
      "hash": "bh0KBBrDJaYpvcIAGLTqtFWj+6Y=",
      "index": 26,
      "context": null,
      "scope": "global",
      "branch": "main"
    },
    {
      "id": "cd0fa277-597a-4515-82d6-ec9d6c64b52c",
      "timestamp": "2025-06-10T15:42:44.124Z",
      "skip": 0,
      "type": "SET_OPERATION_SCHEMA",
      "input": {
        "id": "obKvjYTcH1TKFjSO5DGtmC9HS7w=",
        "schema": "input EditBillingStatementInput {\n  dateIssued: DateTime\n  dateDue: DateTime\n  currency: String!\n  totalCash: Float!\n  totalPowt: Float!\n  notes: String\n}"
      },
      "hash": "bh0KBBrDJaYpvcIAGLTqtFWj+6Y=",
      "index": 27,
      "context": null,
      "scope": "global",
      "branch": "main"
    },
    {
      "id": "696e98a8-b815-4474-b7fa-2c0ea7389796",
      "timestamp": "2025-06-10T15:42:56.839Z",
      "skip": 0,
      "type": "SET_OPERATION_SCHEMA",
      "input": {
        "id": "obKvjYTcH1TKFjSO5DGtmC9HS7w=",
        "schema": "input EditBillingStatementInput {\n  dateIssued: DateTime\n  dateDue: DateTime\n  currency: String\n  notes: String\n}"
      },
      "hash": "jTZ6T/UOTQTIhMZdT9QZUPXIjlc=",
      "index": 28,
      "context": null,
      "scope": "global",
      "branch": "main"
    },
    {
      "id": "353333cf-391d-45a8-9037-f2dfe89148d6",
      "timestamp": "2025-06-10T15:47:45.049Z",
      "skip": 0,
      "type": "ADD_MODULE",
      "input": {
        "id": "kNoQafB6U1J4Gq8GrcjRyGhrRvg=",
        "name": "line_items"
      },
      "hash": "kQMPTkfQKuhmVPzDHx7zTen5mWo=",
      "index": 29,
      "context": null,
      "scope": "global",
      "branch": "main"
    },
    {
      "id": "816588d5-fca4-45cb-9ff4-374fee1a8747",
      "timestamp": "2025-06-10T15:48:06.372Z",
      "skip": 0,
      "type": "ADD_OPERATION",
      "input": {
        "id": "5s+0/bYYzWZd4rOdj53uQ2orOaE=",
        "moduleId": "kNoQafB6U1J4Gq8GrcjRyGhrRvg=",
        "name": "ADD_LINE_ITEM"
      },
      "hash": "obeJgsx3wtRJd4YUgD+4UnY4LT4=",
      "index": 30,
      "context": null,
      "scope": "global",
      "branch": "main"
    },
    {
      "id": "ad86140e-0dbf-4b3f-afb0-47941685b377",
      "timestamp": "2025-06-10T15:48:06.390Z",
      "skip": 0,
      "type": "SET_OPERATION_SCHEMA",
      "input": {
        "id": "5s+0/bYYzWZd4rOdj53uQ2orOaE=",
        "schema": "input AddLineItemInput {\n  \"Add your inputs here\"\n  _placeholder: String\n}"
      },
      "hash": "WVZyfRguyCqrvTHuZDC5El6dU9w=",
      "index": 31,
      "context": null,
      "scope": "global",
      "branch": "main"
    },
    {
      "id": "9ee618e1-d8ab-42dd-971d-e261904a9cfd",
      "timestamp": "2025-06-10T15:48:14.124Z",
      "skip": 0,
      "type": "SET_OPERATION_SCHEMA",
      "input": {
        "id": "5s+0/bYYzWZd4rOdj53uQ2orOaE=",
        "schema": "input AddLineItemInput {\n  \n}"
      },
      "hash": "pMr5lBqvrW6cGAfrDRy4FL5YPKU=",
      "index": 32,
      "context": null,
      "scope": "global",
      "branch": "main"
    },
    {
      "id": "3c26da8b-e53e-4810-9d9f-2347461092ea",
      "timestamp": "2025-06-10T15:48:14.125Z",
      "skip": 0,
      "type": "SET_OPERATION_SCHEMA",
      "input": {
        "id": "5s+0/bYYzWZd4rOdj53uQ2orOaE=",
        "schema": "input AddLineItemInput {\n  \n}"
      },
      "hash": "pMr5lBqvrW6cGAfrDRy4FL5YPKU=",
      "index": 33,
      "context": null,
      "scope": "global",
      "branch": "main"
    },
    {
      "id": "3754b437-499b-4981-be87-f060353132d4",
      "timestamp": "2025-06-10T15:48:25.890Z",
      "skip": 0,
      "type": "SET_OPERATION_SCHEMA",
      "input": {
        "id": "5s+0/bYYzWZd4rOdj53uQ2orOaE=",
        "schema": "input AddLineItemInput {\n  description: String!\n  quantity: Float!\n  unitPricePwt: Float!\n  unitPriceCash: Float!\n  totalPricePwt: Float!\n  totalPriceCash: Float!\n}"
      },
      "hash": "6U7r9xwbC0PeL5oiK3m1iahfIf0=",
      "index": 34,
      "context": null,
      "scope": "global",
      "branch": "main"
    },
    {
      "id": "43734d0a-0c19-46c3-9a20-ae9d4b7eff74",
      "timestamp": "2025-06-11T11:21:58.544Z",
      "skip": 0,
      "type": "ADD_OPERATION",
      "input": {
        "id": "iBzTjNAr/a4NsuxZmy821GoN/NE=",
        "moduleId": "kNoQafB6U1J4Gq8GrcjRyGhrRvg=",
        "name": "EDIT_LINE_ITEM"
      },
      "hash": "yXgJDdfAblR7YCw+yrW0VayO84c=",
      "index": 35,
      "context": null,
      "scope": "global",
      "branch": "main"
    },
    {
      "id": "c5b5d1c3-56e8-4e9b-a3dd-7a227ff2e929",
      "timestamp": "2025-06-11T11:21:58.572Z",
      "skip": 0,
      "type": "SET_OPERATION_SCHEMA",
      "input": {
        "id": "iBzTjNAr/a4NsuxZmy821GoN/NE=",
        "schema": "input EditLineItemInput {\n  \"Add your inputs here\"\n  _placeholder: String\n}"
      },
      "hash": "Nexnk/6/ueNer5s6ofFyACPuaHs=",
      "index": 36,
      "context": null,
      "scope": "global",
      "branch": "main"
    },
    {
      "id": "1541a03f-0a13-4e68-b2f3-2ce9a0c7c0f6",
      "timestamp": "2025-06-11T11:22:32.850Z",
      "skip": 0,
      "type": "SET_OPERATION_SCHEMA",
      "input": {
        "id": "iBzTjNAr/a4NsuxZmy821GoN/NE=",
        "schema": "input EditLineItemInput {\n  description: String\n  quantity: Float\n  unitPricePwt: Float\n  unitPriceCash: Float\n  totalPricePwt: Float\n  totalPriceCash: Float\n}"
      },
      "hash": "C8+PUByzIfBAivEkcqHIF/6rhUs=",
      "index": 37,
      "context": null,
      "scope": "global",
      "branch": "main"
    },
    {
      "id": "0f175077-5b75-44b2-a04d-18de1cbabc6f",
      "timestamp": "2025-06-11T11:23:24.925Z",
      "skip": 0,
      "type": "SET_STATE_SCHEMA",
      "input": {
        "schema": "type BillingStatementState {\n  contributor: PHID  # Change to AID when \n  dateIssued: DateTime!\n  dateDue: DateTime\n  lineItems: [BillingStatementLineItem!]!\n  status: BillingStatementStatus!\n  currency: String!\n  totalCash: Float!\n  totalPowt: Float!\n  notes: String\n}\n\ntype BillingStatementLineItem {\n  id: OID!\n  description: String!\n  quantity: Float!\n  unitPricePwt: Float!\n  unitPriceCash: Float!\n  totalPricePwt: Float!\n  totalPriceCash: Float!\n  lineItemTag: [BillingStatementTag!]!\n}\n\ntype BillingStatementTag {\n  dimension: String!\n  value: String!\n  label: String\n}\n\nenum BillingStatementStatus {\n  DRAFT\n  ISSUED\n  ACCEPTED\n  REJECTED\n  PAID\n}\n\n",
        "scope": "global"
      },
      "hash": "gOydw0g3pSZisMZJTbjqUB7V2Oo=",
      "index": 38,
      "context": null,
      "scope": "global",
      "branch": "main"
    },
    {
      "id": "24d00378-1284-4ca9-afcc-a0a6a3cdaf4c",
      "timestamp": "2025-06-11T11:23:37.209Z",
      "skip": 0,
      "type": "SET_STATE_SCHEMA",
      "input": {
        "schema": "type BillingStatementState {\n  contributor: PHID  # Change to AID when available\n  dateIssued: DateTime!\n  dateDue: DateTime\n  lineItems: [BillingStatementLineItem!]!\n  status: BillingStatementStatus!\n  currency: String!\n  totalCash: Float!\n  totalPowt: Float!\n  notes: String\n}\n\ntype BillingStatementLineItem {\n  id: OID!\n  description: String!\n  quantity: Float!\n  unitPricePwt: Float!\n  unitPriceCash: Float!\n  totalPricePwt: Float!\n  totalPriceCash: Float!\n  lineItemTag: [BillingStatementTag!]!\n}\n\ntype BillingStatementTag {\n  dimension: String!\n  value: String!\n  label: String\n}\n\nenum BillingStatementStatus {\n  DRAFT\n  ISSUED\n  ACCEPTED\n  REJECTED\n  PAID\n}\n\n",
        "scope": "global"
      },
      "hash": "sVgrcQ9h/EKd1xUlaxVUWDYLSc0=",
      "index": 39,
      "context": null,
      "scope": "global",
      "branch": "main"
    },
    {
      "id": "5ef22099-238f-4cac-8fbc-37320f5c4728",
      "timestamp": "2025-06-11T11:25:22.275Z",
      "skip": 0,
      "type": "ADD_MODULE",
      "input": {
        "id": "jg5q35JaHcb5iNDdFkB2xYYNrDU=",
        "name": "line_item"
      },
      "hash": "ys8N2Wj0EUw4xymd6LXG622NnQQ=",
      "index": 40,
      "context": null,
      "scope": "global",
      "branch": "main"
    },
    {
      "id": "15ad703b-4b81-4e10-9281-c573bf4cef0f",
      "timestamp": "2025-06-11T11:25:29.543Z",
      "skip": 0,
      "type": "SET_MODULE_NAME",
      "input": {
        "id": "jg5q35JaHcb5iNDdFkB2xYYNrDU=",
        "name": "line_item_tag"
      },
      "hash": "wDV4344F2AMFc/NK7kfV9qe+wJM=",
      "index": 41,
      "context": null,
      "scope": "global",
      "branch": "main"
    },
    {
      "id": "881d15ae-ddac-4be7-880d-be43f4090e24",
      "timestamp": "2025-06-11T11:25:46.954Z",
      "skip": 0,
      "type": "ADD_OPERATION",
      "input": {
        "id": "k5kMjZ+cO/7fVOPTvyTZ07XMVEA=",
        "moduleId": "jg5q35JaHcb5iNDdFkB2xYYNrDU=",
        "name": "EDIT_LINE_ITEM_TAG"
      },
      "hash": "U6+OD//CGJHUBhBJ5mh2EqPTD64=",
      "index": 42,
      "context": null,
      "scope": "global",
      "branch": "main"
    },
    {
      "id": "b1f9965b-59a5-49c8-a157-6c8be5887d93",
      "timestamp": "2025-06-11T11:25:46.983Z",
      "skip": 0,
      "type": "SET_OPERATION_SCHEMA",
      "input": {
        "id": "k5kMjZ+cO/7fVOPTvyTZ07XMVEA=",
        "schema": "input EditLineItemTagInput {\n  \"Add your inputs here\"\n  _placeholder: String\n}"
      },
      "hash": "CfHp5Ik5ww1QVGLHdHxlvG8ZWzs=",
      "index": 43,
      "context": null,
      "scope": "global",
      "branch": "main"
    },
    {
      "id": "a7da1a27-3211-40d6-998e-e1a8de93bfa8",
      "timestamp": "2025-06-11T11:25:49.111Z",
      "skip": 0,
      "type": "SET_OPERATION_SCHEMA",
      "input": {
        "id": "k5kMjZ+cO/7fVOPTvyTZ07XMVEA=",
        "schema": ""
      },
      "hash": "U6+OD//CGJHUBhBJ5mh2EqPTD64=",
      "index": 44,
      "context": null,
      "scope": "global",
      "branch": "main"
    },
    {
      "id": "3090d5fc-8ab6-46ae-9d58-44400191d4da",
      "timestamp": "2025-06-11T11:25:49.915Z",
      "skip": 0,
      "type": "SET_OPERATION_SCHEMA",
      "input": {
        "id": "k5kMjZ+cO/7fVOPTvyTZ07XMVEA=",
        "schema": ""
      },
      "hash": "U6+OD//CGJHUBhBJ5mh2EqPTD64=",
      "index": 45,
      "context": null,
      "scope": "global",
      "branch": "main"
    },
    {
      "id": "f033247b-0bef-47b6-a695-2e3292469a5c",
      "timestamp": "2025-06-11T11:25:56.333Z",
      "skip": 0,
      "type": "SET_OPERATION_SCHEMA",
      "input": {
        "id": "k5kMjZ+cO/7fVOPTvyTZ07XMVEA=",
        "schema": "input EditBillingStatementTagInput {\n  dimension: String!\n  value: String!\n  label: String\n}"
      },
      "hash": "rsCCPr71001TVyK2CUEkUAErn8Q=",
      "index": 46,
      "context": null,
      "scope": "global",
      "branch": "main"
    },
    {
      "id": "fc09bc32-00ef-4210-86f7-e87b5c11f4b9",
      "timestamp": "2025-06-11T11:26:07.273Z",
      "skip": 0,
      "type": "SET_MODULE_NAME",
      "input": {
        "id": "kNoQafB6U1J4Gq8GrcjRyGhrRvg=",
        "name": "billing_line_item"
      },
      "hash": "6rTcz8KolT/XYOin50UbdOs+zmY=",
      "index": 47,
      "context": null,
      "scope": "global",
      "branch": "main"
    },
    {
      "id": "6bba4c9f-cfff-4808-a141-fe757994720f",
      "timestamp": "2025-06-11T11:26:19.498Z",
      "skip": 0,
      "type": "SET_MODULE_NAME",
      "input": {
        "id": "kNoQafB6U1J4Gq8GrcjRyGhrRvg=",
        "name": "billing_statement_line_item"
      },
      "hash": "dcUH0+ORXaZ4+IpuVeTkHaqVcYs=",
      "index": 48,
      "context": null,
      "scope": "global",
      "branch": "main"
    },
    {
      "id": "80f7ec18-1c76-4fac-bf45-d59043947859",
      "timestamp": "2025-06-11T11:26:27.383Z",
      "skip": 0,
      "type": "SET_MODULE_NAME",
      "input": {
        "id": "jg5q35JaHcb5iNDdFkB2xYYNrDU=",
        "name": "billing_statement_line_item_tag"
      },
      "hash": "Iu554z58NuE2CXkZyR34BUanHSg=",
      "index": 49,
      "context": null,
      "scope": "global",
      "branch": "main"
    },
    {
      "id": "27be8393-7b1d-4cce-a1b9-ea479364fbc8",
      "timestamp": "2025-06-11T11:26:41.995Z",
      "skip": 0,
      "type": "SET_OPERATION_SCHEMA",
      "input": {
        "id": "k5kMjZ+cO/7fVOPTvyTZ07XMVEA=",
        "schema": "input EditBillingStatementLineItemTagInput {\n  dimension: String!\n  value: String!\n  label: String\n}"
      },
      "hash": "C/s+UgI+/7NnE50oXEcGuaB9SLE=",
      "index": 50,
      "context": null,
      "scope": "global",
      "branch": "main"
    },
    {
      "id": "67ea3b04-c2f5-4c4f-91f0-dfee09ea1559",
      "timestamp": "2025-06-11T11:26:41.999Z",
      "skip": 0,
      "type": "SET_OPERATION_SCHEMA",
      "input": {
        "id": "k5kMjZ+cO/7fVOPTvyTZ07XMVEA=",
        "schema": "input EditBillingStatementLineItemTagInput {\n  dimension: String!\n  value: String!\n  label: String\n}"
      },
      "hash": "C/s+UgI+/7NnE50oXEcGuaB9SLE=",
      "index": 51,
      "context": null,
      "scope": "global",
      "branch": "main"
    },
    {
      "id": "1a2bc03f-acd6-4ae8-94fd-030c014a7bd5",
      "timestamp": "2025-06-11T11:27:04.159Z",
      "skip": 0,
      "type": "SET_OPERATION_NAME",
      "input": {
        "id": "k5kMjZ+cO/7fVOPTvyTZ07XMVEA=",
        "name": "EDIT_BILLING_STATEMENT_LINE_ITEM_TAG"
      },
      "hash": "GbQ6M3U9mq4OaLmG/R5NhO/gg+8=",
      "index": 52,
      "context": null,
      "scope": "global",
      "branch": "main"
    },
    {
      "id": "a13cee55-c533-4327-9fd5-693f63cd88a5",
      "timestamp": "2025-06-11T11:28:01.495Z",
      "skip": 0,
      "type": "SET_OPERATION_SCHEMA",
      "input": {
        "id": "k5kMjZ+cO/7fVOPTvyTZ07XMVEA=",
        "schema": ""
      },
      "hash": "6F6zKtXQjulX4QyiUvSvmazeUIE=",
      "index": 53,
      "context": null,
      "scope": "global",
      "branch": "main"
    },
    {
      "id": "520d5092-89fa-459a-891d-40a56f2bd008",
      "timestamp": "2025-06-11T11:28:01.496Z",
      "skip": 0,
      "type": "SET_OPERATION_SCHEMA",
      "input": {
        "id": "k5kMjZ+cO/7fVOPTvyTZ07XMVEA=",
        "schema": ""
      },
      "hash": "6F6zKtXQjulX4QyiUvSvmazeUIE=",
      "index": 54,
      "context": null,
      "scope": "global",
      "branch": "main"
    },
    {
      "id": "c9e54c46-7062-42d9-ab2a-7d2f3bc01ed5",
      "timestamp": "2025-06-11T11:28:06.383Z",
      "skip": 0,
      "type": "ADD_MODULE",
      "input": {
        "id": "0EQYSsxoAYMIHC697nuk1K6sDQ0=",
        "name": "models"
      },
      "hash": "UrjsfKIgEclUT1pxpnEIEPf80yk=",
      "index": 55,
      "context": null,
      "scope": "global",
      "branch": "main"
    },
    {
      "id": "4bd692f6-4e48-4b8a-b99a-ec5938139a2c",
      "timestamp": "2025-06-11T11:28:12.997Z",
      "skip": 0,
      "type": "ADD_OPERATION",
      "input": {
        "id": "woC5FemCFWexdffqBI0NiWduO54=",
        "moduleId": "0EQYSsxoAYMIHC697nuk1K6sDQ0=",
        "name": "EDIT_BILLING_STATEMENT_LINE_ITEM_TA_GS"
      },
      "hash": "a3KPS5wYU3b2+pnKwudeGSu6czI=",
      "index": 56,
      "context": null,
      "scope": "global",
      "branch": "main"
    },
    {
      "id": "e990e5f6-2555-483c-a5d1-951171875f94",
      "timestamp": "2025-06-11T11:28:13.019Z",
      "skip": 0,
      "type": "SET_OPERATION_SCHEMA",
      "input": {
        "id": "woC5FemCFWexdffqBI0NiWduO54=",
        "schema": "input EditBillingStatementLineItemTaGsInput {\n  \"Add your inputs here\"\n  _placeholder: String\n}"
      },
      "hash": "Vb+QJ5Ps/i2U5SlzW5o6fUot1fQ=",
      "index": 57,
      "context": null,
      "scope": "global",
      "branch": "main"
    },
    {
      "id": "a157b317-1de9-4805-8823-b232a425d742",
      "timestamp": "2025-06-11T11:28:22.787Z",
      "skip": 0,
      "type": "SET_OPERATION_SCHEMA",
      "input": {
        "id": "k5kMjZ+cO/7fVOPTvyTZ07XMVEA=",
        "schema": "input EditBillingStatementLineItemTagInput {\n  dimension: String!\n  value: String!\n  label: String\n}"
      },
      "hash": "MYj1RDq0doQAD082aopajdB6DqQ=",
      "index": 58,
      "context": null,
      "scope": "global",
      "branch": "main"
    },
    {
      "id": "e4c16adb-0a72-4da4-8956-5617308f2dbb",
      "timestamp": "2025-06-11T11:28:22.788Z",
      "skip": 0,
      "type": "SET_OPERATION_SCHEMA",
      "input": {
        "id": "k5kMjZ+cO/7fVOPTvyTZ07XMVEA=",
        "schema": "input EditBillingStatementLineItemTagInput {\n  dimension: String!\n  value: String!\n  label: String\n}"
      },
      "hash": "MYj1RDq0doQAD082aopajdB6DqQ=",
      "index": 59,
      "context": null,
      "scope": "global",
      "branch": "main"
    },
    {
      "id": "b7512a47-0609-4fab-a8c3-6152f908fcb7",
      "timestamp": "2025-06-11T11:28:26.403Z",
      "skip": 0,
      "type": "SET_OPERATION_SCHEMA",
      "input": {
        "id": "woC5FemCFWexdffqBI0NiWduO54=",
        "schema": ""
      },
      "hash": "riDOdgYna8y0TGTkY6YZqO1iYdw=",
      "index": 60,
      "context": null,
      "scope": "global",
      "branch": "main"
    },
    {
      "id": "4c19ff03-f489-43a8-8bdc-25aa5b4893d8",
      "timestamp": "2025-06-11T11:28:26.405Z",
      "skip": 0,
      "type": "SET_OPERATION_SCHEMA",
      "input": {
        "id": "woC5FemCFWexdffqBI0NiWduO54=",
        "schema": ""
      },
      "hash": "riDOdgYna8y0TGTkY6YZqO1iYdw=",
      "index": 61,
      "context": null,
      "scope": "global",
      "branch": "main"
    },
    {
      "id": "fca52268-5cec-46f3-a066-f54c4ff0cb6e",
      "timestamp": "2025-06-11T11:28:28.677Z",
      "skip": 0,
      "type": "DELETE_OPERATION",
      "input": {
        "id": "woC5FemCFWexdffqBI0NiWduO54="
      },
      "hash": "AYnAbxahJtoBSJicnEkWR9Jj7D4=",
      "index": 62,
      "context": null,
      "scope": "global",
      "branch": "main"
    },
    {
      "id": "b12b1507-add8-4fe0-aa20-6bc36a04cb14",
      "timestamp": "2025-06-11T11:28:33.186Z",
      "skip": 0,
      "type": "DELETE_MODULE",
      "input": {
        "id": "0EQYSsxoAYMIHC697nuk1K6sDQ0="
      },
      "hash": "GbQ6M3U9mq4OaLmG/R5NhO/gg+8=",
      "index": 63,
      "context": null,
      "scope": "global",
      "branch": "main"
    },
    {
      "id": "b8043660-b27f-4767-bc64-01f56147f234",
      "timestamp": "2025-06-11T11:29:35.844Z",
      "skip": 0,
      "type": "SET_OPERATION_SCHEMA",
      "input": {
        "id": "k5kMjZ+cO/7fVOPTvyTZ07XMVEA=",
        "schema": "input EditBillingStatementLineItemTagInput {\n  id: OID!\n  dimension: String!\n  value: String!\n  label: String\n}"
      },
      "hash": "qUQY5LzNB88JrTXHSYP0lVrWq9E=",
      "index": 64,
      "context": null,
      "scope": "global",
      "branch": "main"
    },
    {
      "id": "c525279b-5753-4990-b206-6928575369b7",
      "timestamp": "2025-06-11T11:29:35.846Z",
      "skip": 0,
      "type": "SET_OPERATION_SCHEMA",
      "input": {
        "id": "k5kMjZ+cO/7fVOPTvyTZ07XMVEA=",
        "schema": "input EditBillingStatementLineItemTagInput {\n  id: OID!\n  dimension: String!\n  value: String!\n  label: String\n}"
      },
      "hash": "qUQY5LzNB88JrTXHSYP0lVrWq9E=",
      "index": 65,
      "context": null,
      "scope": "global",
      "branch": "main"
    },
    {
      "id": "142dfa86-ade0-4684-9c1d-f14e37344270",
      "timestamp": "2025-06-11T11:29:56.827Z",
      "skip": 0,
      "type": "SET_OPERATION_SCHEMA",
      "input": {
        "id": "k5kMjZ+cO/7fVOPTvyTZ07XMVEA=",
        "schema": "input EditBillingStatementLineItemTagInput {\n  lineItemId: OID!\n  dimension: String!\n  value: String!\n  label: String\n}"
      },
      "hash": "J7pgjXPWxZ+mQoDmIdTUrfRP7Dg=",
      "index": 66,
      "context": null,
      "scope": "global",
      "branch": "main"
    },
    {
      "id": "8024d9f8-d70a-44a1-8905-f753d332bdb6",
      "timestamp": "2025-06-11T11:29:56.829Z",
      "skip": 0,
      "type": "SET_OPERATION_SCHEMA",
      "input": {
        "id": "k5kMjZ+cO/7fVOPTvyTZ07XMVEA=",
        "schema": "input EditBillingStatementLineItemTagInput {\n  lineItemId: OID!\n  dimension: String!\n  value: String!\n  label: String\n}"
      },
      "hash": "J7pgjXPWxZ+mQoDmIdTUrfRP7Dg=",
      "index": 67,
      "context": null,
      "scope": "global",
      "branch": "main"
    },
    {
      "id": "5cedb198-9aee-479e-913c-e14a02e22048",
      "timestamp": "2025-06-11T11:30:11.030Z",
      "skip": 0,
      "type": "SET_MODULE_NAME",
      "input": {
        "id": "jg5q35JaHcb5iNDdFkB2xYYNrDU=",
        "name": "tags"
      },
      "hash": "C/nvY5aFECiT9FrG2Lrb4QkJLsM=",
      "index": 68,
      "context": null,
      "scope": "global",
      "branch": "main"
    },
    {
      "id": "5a5754cb-610c-4e60-964e-5cff1ad5b3ad",
      "timestamp": "2025-06-11T11:30:20.380Z",
      "skip": 0,
      "type": "SET_MODULE_NAME",
      "input": {
        "id": "kNoQafB6U1J4Gq8GrcjRyGhrRvg=",
        "name": "line_items"
      },
      "hash": "FZTLKF+fpqsPlFOZujS5ZcvSrsg=",
      "index": 69,
      "context": null,
      "scope": "global",
      "branch": "main"
    },
    {
      "id": "649e3f96-0447-438c-9d78-33b0fb04fdc7",
      "timestamp": "2025-06-11T11:39:00.808Z",
      "skip": 0,
      "type": "ADD_OPERATION",
      "input": {
        "id": "pkU1fg9dl0SDxHb+294KsqUDMN4=",
        "moduleId": "dnNu8Q38g6PEhUWWnwSWA1mTr40=",
        "name": "SET_CONTRIBUTOR"
      },
      "hash": "Vp2NX6G8SCVfvG9XywuYtxHLdC4=",
      "index": 70,
      "context": null,
      "scope": "global",
      "branch": "main"
    },
    {
      "id": "1efde4b3-93ba-478c-b2b2-96833e232e2e",
      "timestamp": "2025-06-11T11:39:00.833Z",
      "skip": 0,
      "type": "SET_OPERATION_SCHEMA",
      "input": {
        "id": "pkU1fg9dl0SDxHb+294KsqUDMN4=",
        "schema": "input SetContributorInput {\n  \"Add your inputs here\"\n  _placeholder: String\n}"
      },
      "hash": "kLV1M23vujKcLgj4tZ6ANJ5TcZs=",
      "index": 71,
      "context": null,
      "scope": "global",
      "branch": "main"
    },
    {
      "id": "c1142092-c1b4-4b3c-a136-210a359de74a",
      "timestamp": "2025-06-11T11:39:14.826Z",
      "skip": 0,
      "type": "SET_OPERATION_SCHEMA",
      "input": {
        "id": "pkU1fg9dl0SDxHb+294KsqUDMN4=",
        "schema": "input SetContributorInput {\n  contributor: PHID!\n}"
      },
      "hash": "TbiGoIL82Keg8p23ThJRy1Sahuk=",
      "index": 72,
      "context": null,
      "scope": "global",
      "branch": "main"
    },
    {
      "id": "ed669e26-d9d5-4e15-b1a0-4b1ec03911ea",
      "timestamp": "2025-06-11T11:41:27.727Z",
      "skip": 0,
      "type": "SET_OPERATION_DESCRIPTION",
      "input": {
        "description": "BillingStatementState.totalCash / .totalPowt will be a sum of the line item values",
        "id": "5s+0/bYYzWZd4rOdj53uQ2orOaE="
      },
      "hash": "lbAcQbox8CxysAFdeB3nIcWYowM=",
      "index": 73,
      "context": null,
      "scope": "global",
      "branch": "main"
    },
    {
      "id": "eb0a1b15-d14c-4ea3-91a1-8c82ad713f8f",
      "timestamp": "2025-06-11T11:41:28.494Z",
      "skip": 0,
      "type": "SET_OPERATION_DESCRIPTION",
      "input": {
        "description": "BillingStatementState.totalCash / .totalPowt will be a sum of the line item values",
        "id": "iBzTjNAr/a4NsuxZmy821GoN/NE="
      },
      "hash": "kZM5yXV4A0qAQ//+xVcjif1ZV/0=",
      "index": 74,
      "context": null,
      "scope": "global",
      "branch": "main"
    },
    {
      "id": "bb12d6fa-3cb0-4c56-ac05-d8fab19c14c9",
      "timestamp": "2025-06-11T11:42:27.436Z",
      "skip": 0,
      "type": "ADD_OPERATION",
      "input": {
        "id": "sAZCp+O/axy6cbtI/rrV0/A5eMw=",
        "moduleId": "dnNu8Q38g6PEhUWWnwSWA1mTr40=",
        "name": "EDIT_STATUS"
      },
      "hash": "U7xrMGqOiYEybbw683p2ZZNi+38=",
      "index": 75,
      "context": null,
      "scope": "global",
      "branch": "main"
    },
    {
      "id": "81d0f390-40c7-4ee2-80e3-de1497858f7c",
      "timestamp": "2025-06-11T11:42:27.462Z",
      "skip": 0,
      "type": "SET_OPERATION_SCHEMA",
      "input": {
        "id": "sAZCp+O/axy6cbtI/rrV0/A5eMw=",
        "schema": "input EditStatusInput {\n  \"Add your inputs here\"\n  _placeholder: String\n}"
      },
      "hash": "LHiSrRxWIxRPY1EScJsaLMiYB2o=",
      "index": 76,
      "context": null,
      "scope": "global",
      "branch": "main"
    },
    {
      "id": "a55a88e7-b45a-4b73-bc90-8d422d9e6090",
      "timestamp": "2025-06-11T11:42:41.160Z",
      "skip": 0,
      "type": "SET_OPERATION_SCHEMA",
      "input": {
        "id": "sAZCp+O/axy6cbtI/rrV0/A5eMw=",
        "schema": "input EditStatusInput {\n  status: Status!\n}"
      },
      "hash": "SmnUloA3fR0TcpgfosJTY7eIjL0=",
      "index": 77,
      "context": null,
      "scope": "global",
      "branch": "main"
    },
    {
      "id": "4b94d262-ed4f-49f8-84fb-1300125f6007",
      "timestamp": "2025-06-11T11:42:48.174Z",
      "skip": 0,
      "type": "SET_OPERATION_SCHEMA",
      "input": {
        "id": "sAZCp+O/axy6cbtI/rrV0/A5eMw=",
        "schema": "input EditStatusInput {\n  status: BillingStatementStatus!\n}"
      },
      "hash": "FZBgrJ1Z2gZatbgqCgwPp2m49Qk=",
      "index": 78,
      "context": null,
      "scope": "global",
      "branch": "main"
    },
    {
      "id": "241e0808-1b18-4c78-93b1-e6d06e153f9d",
      "timestamp": "2025-06-11T11:44:11.219Z",
      "skip": 0,
      "type": "SET_OPERATION_NAME",
      "input": {
        "id": "pkU1fg9dl0SDxHb+294KsqUDMN4=",
        "name": "EDIT_CONTRIBUTOR"
      },
      "hash": "z5rDTaUissUulYZR3R8FfczHSy8=",
      "index": 79,
      "context": null,
      "scope": "global",
      "branch": "main"
    },
    {
      "id": "d1140ff8-f72d-4499-a055-e15edc804a77",
      "timestamp": "2025-06-11T12:00:50.336Z",
      "skip": 0,
      "type": "SET_OPERATION_SCHEMA",
      "input": {
        "id": "pkU1fg9dl0SDxHb+294KsqUDMN4=",
        "schema": "input EditContributorInput {\n  contributor: PHID!\n}"
      },
      "hash": "b0rij+zws0UZj5ZlNpI1UlSWD8o=",
      "index": 80,
      "context": null,
      "scope": "global",
      "branch": "main"
    },
    {
      "id": "d8f172fc-1523-4ec1-9d5b-6da3c303ff15",
      "timestamp": "2025-06-11T12:02:59.589Z",
      "skip": 0,
      "type": "SET_MODEL_DESCRIPTION",
      "input": {
        "description": "The Billing Statement Document Model captures a contributor’s issued charges, with itemized line entries and auto-calculated totals in cash and POWT's."
      },
      "hash": "RAfrQsUgXOrjXih7jQOPn1lD4yM=",
      "index": 81,
      "context": null,
      "scope": "global",
      "branch": "main"
    },
    {
      "id": "323e9dfe-7eab-4923-a636-6fab23da1dbe",
      "timestamp": "2025-06-11T12:03:48.442Z",
      "skip": 0,
      "type": "SET_OPERATION_NAME",
      "input": {
        "id": "k5kMjZ+cO/7fVOPTvyTZ07XMVEA=",
        "name": "EDIT_LINE_ITEM_TAG"
      },
      "hash": "nGRCpKqRKChedQQv8vCkET6GbjY=",
      "index": 82,
      "context": null,
      "scope": "global",
      "branch": "main"
    },
    {
      "id": "3addd91f-39c2-43c9-bf50-3324374367dc",
      "timestamp": "2025-06-11T12:03:54.752Z",
      "skip": 0,
      "type": "SET_OPERATION_SCHEMA",
      "input": {
        "id": "k5kMjZ+cO/7fVOPTvyTZ07XMVEA=",
        "schema": "input EditLineItemTagInput {\n  lineItemId: OID!\n  dimension: String!\n  value: String!\n  label: String\n}"
      },
      "hash": "cVz2k8Jwnp0nxCrr7un8utY463w=",
      "index": 83,
      "context": null,
      "scope": "global",
      "branch": "main"
    },
    {
      "type": "SET_STATE_SCHEMA",
      "input": {
        "schema": "type BillingStatementState {\n  contributor: PHID  # Change to AID when available\n  dateIssued: DateTime!\n  dateDue: DateTime\n  lineItems: [BillingStatementLineItem!]!\n  status: BillingStatementStatus!\n  currency: String!\n  totalCash: Float!\n  totalPowt: Float!\n  notes: String\n}\n\ntype BillingStatementLineItem {\n  id: OID!\n  description: String!\n  quantity: Float!\n  unitPricePwt: Float!\n  unitPriceCash: Float!\n  totalPricePwt: Float!\n  totalPriceCash: Float!\n  lineItemTag: [BillingStatementTag!]!\n}\n\ntype BillingStatementTag {\n  dimension: String!\n  value: String!\n  label: String\n}\n\nenum BillingStatementStatus {\n  DRAFT\n  ISSUED\n  ACCEPTED\n  REJECTED\n  PAID\n}\n\nenum BillingStatementStatusInput {\n  DRAFT\n  ISSUED\n  ACCEPTED\n  REJECTED\n  PAID\n}\n\n",
        "scope": "global"
      },
      "scope": "global",
      "id": "875b7fee-88a0-430a-8273-5e2ec7b2ab3e",
      "index": 84,
      "timestamp": "2025-06-11T12:44:59.852Z",
      "hash": "5VoFDvKH0gdjeaXYUwFj3yPofho=",
      "skip": 0
    },
    {
      "type": "SET_STATE_SCHEMA",
      "input": {
        "schema": "type BillingStatementState {\n  contributor: PHID  # Change to AID when available\n  dateIssued: DateTime!\n  dateDue: DateTime\n  lineItems: [BillingStatementLineItem!]!\n  status: BillingStatementStatus!\n  currency: String!\n  totalCash: Float!\n  totalPowt: Float!\n  notes: String\n}\n\ntype BillingStatementLineItem {\n  id: OID!\n  description: String!\n  quantity: Float!\n  unitPricePwt: Float!\n  unitPriceCash: Float!\n  totalPricePwt: Float!\n  totalPriceCash: Float!\n  lineItemTag: [BillingStatementTag!]!\n}\n\ntype BillingStatementTag {\n  dimension: String!\n  value: String!\n  label: String\n}\n\nenum BillingStatementStatus {\n  DRAFT\n  ISSUED\n  ACCEPTED\n  REJECTED\n  PAID\n}\n\nenum BillingStatementStatusInput {\n  DRAFT\n  ISSUED\n  ACCEPTED\n  REJECTED\n  PAID\n}\n\n",
        "scope": "global"
      },
      "scope": "global",
      "id": "f55e0c64-7ff5-4b27-a6ff-d2ad03009c74",
      "index": 85,
      "timestamp": "2025-06-11T12:44:59.857Z",
      "hash": "5VoFDvKH0gdjeaXYUwFj3yPofho=",
      "skip": 0
    },
    {
      "type": "SET_OPERATION_SCHEMA",
      "input": {
        "id": "sAZCp+O/axy6cbtI/rrV0/A5eMw=",
        "schema": "input EditStatusInput {\n  status: BillingStatementStatusInput!\n}"
      },
      "scope": "global",
      "id": "15eb6614-e900-43ee-be0b-0e23cd40e4eb",
      "index": 86,
      "timestamp": "2025-06-11T12:45:05.824Z",
      "hash": "6yV1YQolczkinM9lbdZt9U01La4=",
      "skip": 0
    },
    {
      "type": "SET_OPERATION_SCHEMA",
      "input": {
        "id": "sAZCp+O/axy6cbtI/rrV0/A5eMw=",
        "schema": "input EditStatusInput {\n  status: BillingStatementStatusInput!\n}"
      },
      "scope": "global",
      "id": "2d395c52-e2a7-4d26-85dc-a1e98d1113a2",
      "index": 87,
      "timestamp": "2025-06-11T12:45:05.826Z",
      "hash": "6yV1YQolczkinM9lbdZt9U01La4=",
      "skip": 0
    },
    {
      "context": {
        "signer": {
          "app": {
            "name": "Connect",
            "key": "did:key:zDnaeUTdW147P7bDrzkEaALJbdAvVFWNvtXFK8CJYSg3T4mfT"
          },
          "user": {
            "address": "0xadbA7C2F82139031D7564D18aC22D09B12A0BcA4",
            "networkId": "eip155",
            "chainId": 1
          },
          "signatures": [
            [
              "1749646179",
              "did:key:zDnaeUTdW147P7bDrzkEaALJbdAvVFWNvtXFK8CJYSg3T4mfT",
              "02pvo1OHSLTmPF7bQ/5UXZvGiUY=",
              "6yV1YQolczkinM9lbdZt9U01La4=",
              "0x096c8b403db7290f2a51a961a1dc1c383d3f6617a6be6d6f8a4d0725e992d397f108e1d2f023aad30b3bbdac5ebbfac783aefe895452e2f79e67b8d79d3a61cf"
            ]
          ]
        }
      },
      "type": "SET_OPERATION_DESCRIPTION",
      "input": {
        "id": "5s+0/bYYzWZd4rOdj53uQ2orOaE=",
        "description": "BillingStatementState.totalCash / .totalPowt will be a sum of the line item values."
      },
      "scope": "global",
      "id": "5381e5f8-fd4f-4eef-84bd-e26d7e5be90f",
      "index": 88,
      "timestamp": "2025-06-11T12:49:39.363Z",
      "hash": "PqFLQXxcNWOo8QUEVnlo3lrZrAQ=",
      "skip": 0
    },
    {
      "context": {
        "signer": {
          "app": {
            "name": "Connect",
            "key": "did:key:zDnaeUTdW147P7bDrzkEaALJbdAvVFWNvtXFK8CJYSg3T4mfT"
          },
          "user": {
            "address": "0xadbA7C2F82139031D7564D18aC22D09B12A0BcA4",
            "networkId": "eip155",
            "chainId": 1
          },
          "signatures": [
            [
              "1749646182",
              "did:key:zDnaeUTdW147P7bDrzkEaALJbdAvVFWNvtXFK8CJYSg3T4mfT",
              "0AcNNiox4JVMWwklfziJSJVpFbg=",
              "PqFLQXxcNWOo8QUEVnlo3lrZrAQ=",
              "0x54febbeb82b2c6fef005923fa58e250e497f813058110d2ca21831f21fcdad61974f65dd174d2813a70fa4a30afcf483610e312e6bb8819111a697a52b334b0d"
            ]
          ]
        }
      },
      "type": "SET_OPERATION_DESCRIPTION",
      "input": {
        "id": "iBzTjNAr/a4NsuxZmy821GoN/NE=",
        "description": "BillingStatementState.totalCash / .totalPowt will be a sum of the line item values."
      },
      "scope": "global",
      "id": "82073c88-44a7-414b-a54b-f0935aeeaf38",
      "index": 89,
      "timestamp": "2025-06-11T12:49:41.980Z",
      "hash": "5ZLmINTYSqOd7QVUaYvtr+nFMlc=",
      "skip": 0
    },
    {
      "context": {
        "signer": {
          "app": {
            "name": "Connect",
            "key": "did:key:zDnaeUTdW147P7bDrzkEaALJbdAvVFWNvtXFK8CJYSg3T4mfT"
          },
          "user": {
            "address": "0xadbA7C2F82139031D7564D18aC22D09B12A0BcA4",
            "networkId": "eip155",
            "chainId": 1
          },
          "signatures": [
            [
              "1749652732",
              "did:key:zDnaeUTdW147P7bDrzkEaALJbdAvVFWNvtXFK8CJYSg3T4mfT",
              "4toPOyeofDOjHxa2o6HGMDm2frA=",
              "5ZLmINTYSqOd7QVUaYvtr+nFMlc=",
              "0x17dcd6de0f52bfd294c8ac14d43d67780a4115e8097d09ac897a7bd4c86e0ca8d4ae2932ed741c944037ffb472aa46c2367f5eaa7c6a28840e1ca042d1e0c161"
            ]
          ]
        }
      },
      "type": "SET_OPERATION_SCHEMA",
      "input": {
        "id": "iBzTjNAr/a4NsuxZmy821GoN/NE=",
        "schema": "input EditLineItemInput {\n  id: OID!\n  description: String\n  quantity: Float\n  unitPricePwt: Float\n  unitPriceCash: Float\n  totalPricePwt: Float\n  totalPriceCash: Float\n}"
      },
      "scope": "global",
      "id": "d4638e0b-a75c-4e5f-8b66-dbb8f62aa281",
      "index": 90,
      "timestamp": "2025-06-11T14:38:52.217Z",
      "hash": "eGEmSzrljjd3YEVuxJM0U6pihTA=",
      "skip": 0
    },
    {
      "context": {
        "signer": {
          "app": {
            "name": "Connect",
            "key": "did:key:zDnaeUTdW147P7bDrzkEaALJbdAvVFWNvtXFK8CJYSg3T4mfT"
          },
          "user": {
            "address": "0xadbA7C2F82139031D7564D18aC22D09B12A0BcA4",
            "networkId": "eip155",
            "chainId": 1
          },
          "signatures": [
            [
              "1749652732",
              "did:key:zDnaeUTdW147P7bDrzkEaALJbdAvVFWNvtXFK8CJYSg3T4mfT",
              "iHwnDsPy6pycG+t2xCpiYQgAp+c=",
              "eGEmSzrljjd3YEVuxJM0U6pihTA=",
              "0xdbad730c4add8fa3e973f1b20b5da81fa4bfe44712e3f1a0aef80992da7d0be2e85dc874323aca64505ec3a8029f40130ebc3defc8b983b975f47c2cd4790c93"
            ]
          ]
        }
      },
      "type": "SET_OPERATION_SCHEMA",
      "input": {
        "id": "iBzTjNAr/a4NsuxZmy821GoN/NE=",
        "schema": "input EditLineItemInput {\n  id: OID!\n  description: String\n  quantity: Float\n  unitPricePwt: Float\n  unitPriceCash: Float\n  totalPricePwt: Float\n  totalPriceCash: Float\n}"
      },
      "scope": "global",
      "id": "608772b3-bd84-428e-b35e-2b19b7466bd5",
      "index": 91,
      "timestamp": "2025-06-11T14:38:52.223Z",
      "hash": "eGEmSzrljjd3YEVuxJM0U6pihTA=",
      "skip": 0
    },
    {
      "id": "2ce53d3e-d29b-451f-98a7-629c5a7957cd",
      "timestamp": "2025-06-12T15:46:29.753Z",
      "skip": 0,
      "type": "SET_STATE_SCHEMA",
      "input": {
        "schema": "type BillingStatementState {\n  contributor: PHID  # Change to AID when available\n  dateIssued: DateTime!\n  dateDue: DateTime\n  lineItems: [BillingStatementLineItem!]!\n  status: BillingStatementStatus!\n  currency: String!\n  totalCash: Float!\n  totalPowt: Float!\n  notes: String\n}\n\ntype BillingStatementLineItem {\n  id: OID!\n  description: String!\n  quantity: Float!\n  unit: Unit!\n  unitPricePwt: Float!\n  unitPriceCash: Float!\n  totalPricePwt: Float!\n  totalPriceCash: Float!\n  lineItemTag: [BillingStatementTag!]!\n}\n\ntype BillingStatementTag {\n  dimension: String!\n  value: String!\n  label: String\n}\n\nenum BillingStatementStatus {\n  DRAFT\n  ISSUED\n  ACCEPTED\n  REJECTED\n  PAID\n}\n\nenum BillingStatementStatusInput {\n  DRAFT\n  ISSUED\n  ACCEPTED\n  REJECTED\n  PAID\n}\n\n",
        "scope": "global"
      },
      "hash": "xfv/xG+iwzjyxJ07JYVmkY4Rfeo=",
      "index": 92,
      "context": null,
      "scope": "global",
      "branch": "main"
    },
    {
      "id": "79966aad-8f5d-4eb0-8ed0-97200e553bc9",
      "timestamp": "2025-06-12T15:46:29.757Z",
      "skip": 0,
      "type": "SET_STATE_SCHEMA",
      "input": {
        "schema": "type BillingStatementState {\n  contributor: PHID  # Change to AID when available\n  dateIssued: DateTime!\n  dateDue: DateTime\n  lineItems: [BillingStatementLineItem!]!\n  status: BillingStatementStatus!\n  currency: String!\n  totalCash: Float!\n  totalPowt: Float!\n  notes: String\n}\n\ntype BillingStatementLineItem {\n  id: OID!\n  description: String!\n  quantity: Float!\n  unit: Unit!\n  unitPricePwt: Float!\n  unitPriceCash: Float!\n  totalPricePwt: Float!\n  totalPriceCash: Float!\n  lineItemTag: [BillingStatementTag!]!\n}\n\ntype BillingStatementTag {\n  dimension: String!\n  value: String!\n  label: String\n}\n\nenum BillingStatementStatus {\n  DRAFT\n  ISSUED\n  ACCEPTED\n  REJECTED\n  PAID\n}\n\nenum BillingStatementStatusInput {\n  DRAFT\n  ISSUED\n  ACCEPTED\n  REJECTED\n  PAID\n}\n\n",
        "scope": "global"
      },
      "hash": "xfv/xG+iwzjyxJ07JYVmkY4Rfeo=",
      "index": 93,
      "context": null,
      "scope": "global",
      "branch": "main"
    },
    {
      "id": "9d142235-c3b1-43bb-ab80-e3372061649e",
      "timestamp": "2025-06-12T15:51:14.507Z",
      "skip": 0,
      "type": "SET_STATE_SCHEMA",
      "input": {
        "schema": "type BillingStatementState {\n  contributor: PHID  # Change to AID when available\n  dateIssued: DateTime!\n  dateDue: DateTime\n  lineItems: [BillingStatementLineItem!]!\n  status: BillingStatementStatus!\n  currency: String!\n  totalCash: Float!\n  totalPowt: Float!\n  notes: String\n}\n\ntype BillingStatementLineItem {\n  id: OID!\n  description: String!\n  quantity: Float!\n  unit: Unit!\n  unitPricePwt: Float!\n  unitPriceCash: Float!\n  totalPricePwt: Float!\n  totalPriceCash: Float!\n  lineItemTag: [BillingStatementTag!]!\n}\n\ntype BillingStatementTag {\n  dimension: String!\n  value: String!\n  label: String\n}\n\nenum BillingStatementStatus {\n  DRAFT\n  ISSUED\n  ACCEPTED\n  REJECTED\n  PAID\n}\n\nenum BillingStatementStatusInput {\n  DRAFT\n  ISSUED\n  ACCEPTED\n  REJECTED\n  PAID\n}\n\nenum Unit {\n\tMINUTE\n\tHOUR\n\tDAY\n\tUNIT\n}\n\n",
        "scope": "global"
      },
      "hash": "U3lbsteWy/79pKVsSsUFsJ4z6U4=",
      "index": 94,
      "context": null,
      "scope": "global",
      "branch": "main"
    },
    {
      "id": "057dcb85-f652-43a4-8387-bf3326dd28dd",
      "timestamp": "2025-06-12T15:51:33.450Z",
      "skip": 0,
      "type": "SET_STATE_SCHEMA",
      "input": {
        "schema": "type BillingStatementState {\n  contributor: PHID  # Change to AID when available\n  dateIssued: DateTime!\n  dateDue: DateTime\n  lineItems: [BillingStatementLineItem!]!\n  status: BillingStatementStatus!\n  currency: String!\n  totalCash: Float!\n  totalPowt: Float!\n  notes: String\n}\n\ntype BillingStatementLineItem {\n  id: OID!\n  description: String!\n  quantity: Float!\n  unit: Unit!\n  unitPricePwt: Float!\n  unitPriceCash: Float!\n  totalPricePwt: Float!\n  totalPriceCash: Float!\n  lineItemTag: [BillingStatementTag!]!\n}\n\ntype BillingStatementTag {\n  dimension: String!\n  value: String!\n  label: String\n}\n\nenum BillingStatementStatus {\n  DRAFT\n  ISSUED\n  ACCEPTED\n  REJECTED\n  PAID\n}\n\nenum BillingStatementStatusInput {\n  DRAFT\n  ISSUED\n  ACCEPTED\n  REJECTED\n  PAID\n}\n\nenum Unit {\n  MINUTE\n  HOUR\n  DAY\n  UNIT\n}\n\nenum UnitInput\n\n",
        "scope": "global"
      },
      "hash": "VDckNQTEhTnFUobDILCZA3LKlrQ=",
      "index": 95,
      "context": null,
      "scope": "global",
      "branch": "main"
    },
    {
      "id": "3ad1edf8-f4a8-4566-a993-eadbe7757311",
      "timestamp": "2025-06-12T15:51:35.679Z",
      "skip": 0,
      "type": "SET_STATE_SCHEMA",
      "input": {
        "schema": "type BillingStatementState {\n  contributor: PHID  # Change to AID when available\n  dateIssued: DateTime!\n  dateDue: DateTime\n  lineItems: [BillingStatementLineItem!]!\n  status: BillingStatementStatus!\n  currency: String!\n  totalCash: Float!\n  totalPowt: Float!\n  notes: String\n}\n\ntype BillingStatementLineItem {\n  id: OID!\n  description: String!\n  quantity: Float!\n  unit: Unit!\n  unitPricePwt: Float!\n  unitPriceCash: Float!\n  totalPricePwt: Float!\n  totalPriceCash: Float!\n  lineItemTag: [BillingStatementTag!]!\n}\n\ntype BillingStatementTag {\n  dimension: String!\n  value: String!\n  label: String\n}\n\nenum BillingStatementStatus {\n  DRAFT\n  ISSUED\n  ACCEPTED\n  REJECTED\n  PAID\n}\n\nenum BillingStatementStatusInput {\n  DRAFT\n  ISSUED\n  ACCEPTED\n  REJECTED\n  PAID\n}\n\nenum BillingStatementUnit {\n  MINUTE\n  HOUR\n  DAY\n  UNIT\n}\n\nenum UnitInput\n\n",
        "scope": "global"
      },
      "hash": "4ju4qVW8EV25xAAPLm5numPyx6E=",
      "index": 96,
      "context": null,
      "scope": "global",
      "branch": "main"
    },
    {
      "id": "99b2eb38-2b07-4aab-894f-973b847680e8",
      "timestamp": "2025-06-12T15:51:42.366Z",
      "skip": 0,
      "type": "SET_STATE_SCHEMA",
      "input": {
        "schema": "type BillingStatementState {\n  contributor: PHID  # Change to AID when available\n  dateIssued: DateTime!\n  dateDue: DateTime\n  lineItems: [BillingStatementLineItem!]!\n  status: BillingStatementStatus!\n  currency: String!\n  totalCash: Float!\n  totalPowt: Float!\n  notes: String\n}\n\ntype BillingStatementLineItem {\n  id: OID!\n  description: String!\n  quantity: Float!\n  unit: Unit!\n  unitPricePwt: Float!\n  unitPriceCash: Float!\n  totalPricePwt: Float!\n  totalPriceCash: Float!\n  lineItemTag: [BillingStatementTag!]!\n}\n\ntype BillingStatementTag {\n  dimension: String!\n  value: String!\n  label: String\n}\n\nenum BillingStatementStatus {\n  DRAFT\n  ISSUED\n  ACCEPTED\n  REJECTED\n  PAID\n}\n\nenum BillingStatementStatusInput {\n  DRAFT\n  ISSUED\n  ACCEPTED\n  REJECTED\n  PAID\n}\n\nenum BillingStatementUnit {\n  MINUTE\n  HOUR\n  DAY\n  UNIT\n}\n\nenum BillingStatementUnitInput {\n  \n}\n\n",
        "scope": "global"
      },
      "hash": "hNSn6jw8XQ/adXCpiVonkFrB+8E=",
      "index": 97,
      "context": null,
      "scope": "global",
      "branch": "main"
    },
    {
      "id": "861ea055-357d-4cc9-a2ff-36a4eb019a4e",
      "timestamp": "2025-06-12T15:51:52.569Z",
      "skip": 0,
      "type": "SET_STATE_SCHEMA",
      "input": {
        "schema": "type BillingStatementState {\n  contributor: PHID  # Change to AID when available\n  dateIssued: DateTime!\n  dateDue: DateTime\n  lineItems: [BillingStatementLineItem!]!\n  status: BillingStatementStatus!\n  currency: String!\n  totalCash: Float!\n  totalPowt: Float!\n  notes: String\n}\n\ntype BillingStatementLineItem {\n  id: OID!\n  description: String!\n  quantity: Float!\n  unit: Unit!\n  unitPricePwt: Float!\n  unitPriceCash: Float!\n  totalPricePwt: Float!\n  totalPriceCash: Float!\n  lineItemTag: [BillingStatementTag!]!\n}\n\ntype BillingStatementTag {\n  dimension: String!\n  value: String!\n  label: String\n}\n\nenum BillingStatementStatus {\n  DRAFT\n  ISSUED\n  ACCEPTED\n  REJECTED\n  PAID\n}\n\nenum BillingStatementStatusInput {\n  DRAFT\n  ISSUED\n  ACCEPTED\n  REJECTED\n  PAID\n}\n\nenum BillingStatementUnit {\n  MINUTE\n  HOUR\n  DAY\n  UNIT\n}\n\nenum BillingStatementUnitInput {\n  MINUTE\n  HOUR\n  DAY\n  UNIT\n}\n\n",
        "scope": "global"
      },
      "hash": "xk31oZVP8CZ6kkGJDBJClxX6lpA=",
      "index": 98,
      "context": null,
      "scope": "global",
      "branch": "main"
    },
    {
      "id": "8bb5d7a4-3de7-40b4-943e-aefed9f038cb",
      "timestamp": "2025-06-12T15:51:59.272Z",
      "skip": 0,
      "type": "SET_STATE_SCHEMA",
      "input": {
        "schema": "type BillingStatementState {\n  contributor: PHID  # Change to AID when available\n  dateIssued: DateTime!\n  dateDue: DateTime\n  lineItems: [BillingStatementLineItem!]!\n  status: BillingStatementStatus!\n  currency: String!\n  totalCash: Float!\n  totalPowt: Float!\n  notes: String\n}\n\ntype BillingStatementLineItem {\n  id: OID!\n  description: String!\n  quantity: Float!\n  unit: BillingStatementUnit!\n  unitPricePwt: Float!\n  unitPriceCash: Float!\n  totalPricePwt: Float!\n  totalPriceCash: Float!\n  lineItemTag: [BillingStatementTag!]!\n}\n\ntype BillingStatementTag {\n  dimension: String!\n  value: String!\n  label: String\n}\n\nenum BillingStatementStatus {\n  DRAFT\n  ISSUED\n  ACCEPTED\n  REJECTED\n  PAID\n}\n\nenum BillingStatementStatusInput {\n  DRAFT\n  ISSUED\n  ACCEPTED\n  REJECTED\n  PAID\n}\n\nenum BillingStatementUnit {\n  MINUTE\n  HOUR\n  DAY\n  UNIT\n}\n\nenum BillingStatementUnitInput {\n  MINUTE\n  HOUR\n  DAY\n  UNIT\n}\n\n",
        "scope": "global"
      },
      "hash": "NZ+cOGhtQjAuIMrzAyESP0C3jbY=",
      "index": 99,
      "context": null,
      "scope": "global",
      "branch": "main"
    },
    {
      "id": "cc134bda-d3ee-4b1a-89ae-1717e3d8b42b",
      "timestamp": "2025-06-12T15:52:21.522Z",
      "skip": 0,
      "type": "SET_OPERATION_SCHEMA",
      "input": {
        "id": "5s+0/bYYzWZd4rOdj53uQ2orOaE=",
        "schema": "input AddLineItemInput {\n  description: String!\n  quantity: Float!\n  unit: B\n  unitPricePwt: Float!\n  unitPriceCash: Float!\n  totalPricePwt: Float!\n  totalPriceCash: Float!\n}"
      },
      "hash": "ZZAyGJpmA4eWDZHLKe9/P6+hEeY=",
      "index": 100,
      "context": null,
      "scope": "global",
      "branch": "main"
    },
    {
      "id": "bf8683d4-c6a6-42c6-80bc-4961901a8693",
      "timestamp": "2025-06-12T15:52:42.458Z",
      "skip": 0,
      "type": "SET_OPERATION_SCHEMA",
      "input": {
        "id": "5s+0/bYYzWZd4rOdj53uQ2orOaE=",
        "schema": "input AddLineItemInput {\n  description: String!\n  quantity: Float!\n  unit: BillingStatementUnitInput!\n  unitPricePwt: Float!\n  unitPriceCash: Float!\n  totalPricePwt: Float!\n  totalPriceCash: Float!\n}"
      },
      "hash": "iP6CPbt8BZ7b0t8T4t8LfAPigcQ=",
      "index": 101,
      "context": null,
      "scope": "global",
      "branch": "main"
    },
    {
      "id": "f1f5a85e-d6a5-4446-b688-6e03d69de38d",
      "timestamp": "2025-06-12T15:53:03.658Z",
      "skip": 0,
      "type": "SET_OPERATION_SCHEMA",
      "input": {
        "id": "iBzTjNAr/a4NsuxZmy821GoN/NE=",
        "schema": "input EditLineItemInput {\n  id: OID!\n  description: String\n  quantity: Float\n  unit: BillingStatementUnitInput!\n  unitPricePwt: Float\n  unitPriceCash: Float\n  totalPricePwt: Float\n  totalPriceCash: Float\n}"
      },
      "hash": "0ql4r6Kasd/rM9X3MrY+oAB05J4=",
      "index": 102,
      "context": null,
      "scope": "global",
      "branch": "main"
    }
  ],
  "local": []
}