{
  "global": [
    {
      "context": {
        "signer": {
          "app": {
            "name": "Connect",
            "key": "did:key:zDnaeUCdYmG6wf4RifqdjTyE3XWdm4DvU7XVXd2WFMfj7UAAA"
          },
          "user": {
            "address": "0xadbA7C2F82139031D7564D18aC22D09B12A0BcA4",
            "networkId": "eip155",
            "chainId": 1
          },
          "signatures": [
            [
              "1753270565",
              "did:key:zDnaeUCdYmG6wf4RifqdjTyE3XWdm4DvU7XVXd2WFMfj7UAAA",
              "i1ANzd92h4eY3G2KSzie3rpy6js=",
              "",
              "0x3dce9d14de0763427dfab202c3b8e0ead36e877befac6b4a509c7b040a039a775114edc9acff95b137d44323c6510335fe4ccc7d89ce9ebf770afb0cf662085c"
            ]
          ]
        }
      },
      "type": "SET_MODEL_NAME",
      "input": {
        "name": "Integrations"
      },
      "scope": "global",
      "id": "0e943593-d380-4ed1-bdec-23f4a7d1558b",
      "index": 0,
      "timestamp": "2025-07-23T11:36:04.784Z",
      "hash": "N0vylSVsDzYd31Keck+fB7FNpdI=",
      "skip": 0
    },
    {
      "context": {
        "signer": {
          "app": {
            "name": "Connect",
            "key": "did:key:zDnaeUCdYmG6wf4RifqdjTyE3XWdm4DvU7XVXd2WFMfj7UAAA"
          },
          "user": {
            "address": "0xadbA7C2F82139031D7564D18aC22D09B12A0BcA4",
            "networkId": "eip155",
            "chainId": 1
          },
          "signatures": [
            [
              "1753270565",
              "did:key:zDnaeUCdYmG6wf4RifqdjTyE3XWdm4DvU7XVXd2WFMfj7UAAA",
              "mZ90I3uHeNrpVTxGAS2DMtnwptY=",
              "N0vylSVsDzYd31Keck+fB7FNpdI=",
              "0x5ef251073e4239f9d47f7abe4cdca04635d8393abc673359094d8355407a415b1eb9ff521fe5b8757f0234a90f2e5bbb890b82925eddbb4fa41c993e3be39b7e"
            ]
          ]
        }
      },
      "type": "SET_STATE_SCHEMA",
      "input": {
        "schema": "type IntegrationsState {\n  \"Add your global state fields here\"\n  _placeholder: String\n}",
        "scope": "global"
      },
      "scope": "global",
      "id": "bd470269-24a8-4f4c-9169-5338a47fcf34",
      "index": 1,
      "timestamp": "2025-07-23T11:36:04.784Z",
      "hash": "2V1BryuVi5vTby5Ne0VWd3huLGE=",
      "skip": 0
    },
    {
      "context": {
        "signer": {
          "app": {
            "name": "Connect",
            "key": "did:key:zDnaeUCdYmG6wf4RifqdjTyE3XWdm4DvU7XVXd2WFMfj7UAAA"
          },
          "user": {
            "address": "0xadbA7C2F82139031D7564D18aC22D09B12A0BcA4",
            "networkId": "eip155",
            "chainId": 1
          },
          "signatures": [
            [
              "1753270570",
              "did:key:zDnaeUCdYmG6wf4RifqdjTyE3XWdm4DvU7XVXd2WFMfj7UAAA",
              "1F4AE6H52dihTUfHctSPQ+HVkrQ=",
              "2V1BryuVi5vTby5Ne0VWd3huLGE=",
              "0xbc7b77c42fcb37a5db696eac59ec6ca3673eb22ca17a89779259e567b60d84b119e9ba21bfc0d90de7b38ff2043f903441cd32d4918a59757a3d3f7962658fec"
            ]
          ]
        }
      },
      "type": "SET_MODEL_ID",
      "input": {
        "id": "powerhouse/integrations"
      },
      "scope": "global",
      "id": "054116df-6111-45a8-986b-fd839d6b2bb0",
      "index": 2,
      "timestamp": "2025-07-23T11:36:10.325Z",
      "hash": "4ZPNkWYb3pVNWCZGd6T3UDNZ7+o=",
      "skip": 0
    },
    {
      "context": {
        "signer": {
          "app": {
            "name": "Connect",
            "key": "did:key:zDnaeUCdYmG6wf4RifqdjTyE3XWdm4DvU7XVXd2WFMfj7UAAA"
          },
          "user": {
            "address": "0xadbA7C2F82139031D7564D18aC22D09B12A0BcA4",
            "networkId": "eip155",
            "chainId": 1
          },
          "signatures": [
            [
              "1753270606",
              "did:key:zDnaeUCdYmG6wf4RifqdjTyE3XWdm4DvU7XVXd2WFMfj7UAAA",
              "EZMte7FN+6R4qhZZOopZvUDgOKc=",
              "4ZPNkWYb3pVNWCZGd6T3UDNZ7+o=",
              "0x81bb3d0ef2a417457b57eb55af1f3bf0788f948d1ea3678fd3665a47b4ec09dc2034d6f9320270a5e90b4843a70b56975b44f19ffc8ab4f25cc96b0e93132e49"
            ]
          ]
        }
      },
      "type": "SET_MODEL_DESCRIPTION",
      "input": {
        "description": "A place where to store different API keys used by other powerhouse packages."
      },
      "scope": "global",
      "id": "895c7f23-8e56-418e-ba2e-ead6b8e92b84",
      "index": 3,
      "timestamp": "2025-07-23T11:36:45.634Z",
      "hash": "7ZGwZpJspfiVuBqG7hSbRwZEVpk=",
      "skip": 0
    },
    {
      "context": {
        "signer": {
          "app": {
            "name": "Connect",
            "key": "did:key:zDnaeUCdYmG6wf4RifqdjTyE3XWdm4DvU7XVXd2WFMfj7UAAA"
          },
          "user": {
            "address": "0xadbA7C2F82139031D7564D18aC22D09B12A0BcA4",
            "networkId": "eip155",
            "chainId": 1
          },
          "signatures": [
            [
              "1753270611",
              "did:key:zDnaeUCdYmG6wf4RifqdjTyE3XWdm4DvU7XVXd2WFMfj7UAAA",
              "VfPFuXOMnj/K4BJ+5z4Z7yICztE=",
              "7ZGwZpJspfiVuBqG7hSbRwZEVpk=",
              "0x6f0dd931aefafd481619b2c7b878227d3a982510032c6d6549a03668ecabaac914ec6381f3d05b4a26228f0c724c11aafe7530aa7e893aca4e5ea91585500dd0"
            ]
          ]
        }
      },
      "type": "SET_AUTHOR_NAME",
      "input": {
        "authorName": "Powerhouse"
      },
      "scope": "global",
      "id": "49a3ebc7-b522-47e4-83b7-1ecc35516cdf",
      "index": 4,
      "timestamp": "2025-07-23T11:36:51.043Z",
      "hash": "CuQMf55rE3kaLzsQ/SI+aomAUjk=",
      "skip": 0
    },
    {
      "context": {
        "signer": {
          "app": {
            "name": "Connect",
            "key": "did:key:zDnaeUCdYmG6wf4RifqdjTyE3XWdm4DvU7XVXd2WFMfj7UAAA"
          },
          "user": {
            "address": "0xadbA7C2F82139031D7564D18aC22D09B12A0BcA4",
            "networkId": "eip155",
            "chainId": 1
          },
          "signatures": [
            [
              "1753270614",
              "did:key:zDnaeUCdYmG6wf4RifqdjTyE3XWdm4DvU7XVXd2WFMfj7UAAA",
              "ykxGZM5iyDJrZO2dga3fhWBJjs0=",
              "CuQMf55rE3kaLzsQ/SI+aomAUjk=",
              "0xe40d23f4dec72d7ab11484829ef9112e02057dba0807ab19e5d820379b182d933482b3dee81267f2b7e3e2e29ede98a5fae2a00a02c87606037006874c933601"
            ]
          ]
        }
      },
      "type": "SET_AUTHOR_NAME",
      "input": {
        "authorName": "Liberuum"
      },
      "scope": "global",
      "id": "c37ffd4c-0205-44b7-bf73-210829123a85",
      "index": 5,
      "timestamp": "2025-07-23T11:36:53.590Z",
      "hash": "XPsp0zZtRmionpcIP7zY/e2SlYk=",
      "skip": 0
    },
    {
      "context": {
        "signer": {
          "app": {
            "name": "Connect",
            "key": "did:key:zDnaeUCdYmG6wf4RifqdjTyE3XWdm4DvU7XVXd2WFMfj7UAAA"
          },
          "user": {
            "address": "0xadbA7C2F82139031D7564D18aC22D09B12A0BcA4",
            "networkId": "eip155",
            "chainId": 1
          },
          "signatures": [
            [
              "1753270621",
              "did:key:zDnaeUCdYmG6wf4RifqdjTyE3XWdm4DvU7XVXd2WFMfj7UAAA",
              "Pega65gBe3PUj1G74rgNNavaN5k=",
              "XPsp0zZtRmionpcIP7zY/e2SlYk=",
              "0x2e2673370a99dbb95612cee30c5e5a025667a2b8e01d709549420ece91cda1025834bb6107c3af48d82271c97069ecbcea1055c350639c65d28d322203fde483"
            ]
          ]
        }
      },
      "type": "SET_AUTHOR_WEBSITE",
      "input": {
        "authorWebsite": "https://powerhouse.inc"
      },
      "scope": "global",
      "id": "bdd0c611-3414-4af2-9811-48a7f8eb94dd",
      "index": 6,
      "timestamp": "2025-07-23T11:37:00.638Z",
      "hash": "u15yeUGYg/K6vSmPcoyCloZEmac=",
      "skip": 0
    },
    {
      "context": {
        "signer": {
          "app": {
            "name": "Connect",
            "key": "did:key:zDnaeUCdYmG6wf4RifqdjTyE3XWdm4DvU7XVXd2WFMfj7UAAA"
          },
          "user": {
            "address": "0xadbA7C2F82139031D7564D18aC22D09B12A0BcA4",
            "networkId": "eip155",
            "chainId": 1
          },
          "signatures": [
            [
              "1753270627",
              "did:key:zDnaeUCdYmG6wf4RifqdjTyE3XWdm4DvU7XVXd2WFMfj7UAAA",
              "gStKMuWjmEyFGI5GkPeNQKKJls4=",
              "u15yeUGYg/K6vSmPcoyCloZEmac=",
              "0xdde13421accbf70d41bbc24c17c33d9ce8c679110118b0c37179047403172ce49716ae7480bfefb124069d45abf97e3efe0c1a37f4b215efd14ad7230713145e"
            ]
          ]
        }
      },
      "type": "SET_MODEL_EXTENSION",
      "input": {
        "extension": ".phdm"
      },
      "scope": "global",
      "id": "d294f522-ede5-409a-8207-cc09d09059eb",
      "index": 7,
      "timestamp": "2025-07-23T11:37:07.127Z",
      "hash": "z91gEI5m/43dP2kWhtDtDJvnZvg=",
      "skip": 0
    },
    {
      "context": {
        "signer": {
          "app": {
            "name": "Connect",
            "key": "did:key:zDnaeUCdYmG6wf4RifqdjTyE3XWdm4DvU7XVXd2WFMfj7UAAA"
          },
          "user": {
            "address": "0xadbA7C2F82139031D7564D18aC22D09B12A0BcA4",
            "networkId": "eip155",
            "chainId": 1
          },
          "signatures": [
            [
              "1753270670",
              "did:key:zDnaeUCdYmG6wf4RifqdjTyE3XWdm4DvU7XVXd2WFMfj7UAAA",
              "5xNSlb5HZU0+Nf6QrNy7rB7C+1Q=",
              "z91gEI5m/43dP2kWhtDtDJvnZvg=",
              "0x77e9294a5de2a6c018b7b114d75cb22ae78cfba39d36263fc2a70de90fb2a17353aafc00cfca4c886c084884d9421d5279fa58864be4c72f7520c7e70fcd7430"
            ]
          ]
        }
      },
      "type": "SET_STATE_SCHEMA",
      "input": {
        "schema": "type IntegrationsState {\n  \"Add your global state fields here\"\n  _placeholder: String\n}\n\ntype RequestFinance {\n  apiKey: String\n  email: String\n}",
        "scope": "global"
      },
      "scope": "global",
      "id": "fadbee54-b9f9-4378-8efe-8b391956fb57",
      "index": 8,
      "timestamp": "2025-07-23T11:37:49.992Z",
      "hash": "HOfmulwu1ykcDDul8KRfVZPG1wg=",
      "skip": 0
    },
    {
      "context": {
        "signer": {
          "app": {
            "name": "Connect",
            "key": "did:key:zDnaeUCdYmG6wf4RifqdjTyE3XWdm4DvU7XVXd2WFMfj7UAAA"
          },
          "user": {
            "address": "0xadbA7C2F82139031D7564D18aC22D09B12A0BcA4",
            "networkId": "eip155",
            "chainId": 1
          },
          "signatures": [
            [
              "1753270687",
              "did:key:zDnaeUCdYmG6wf4RifqdjTyE3XWdm4DvU7XVXd2WFMfj7UAAA",
              "zd4ow8TM6We4DJEF80m9CNPWx64=",
              "HOfmulwu1ykcDDul8KRfVZPG1wg=",
              "0x02704036b5ce81fd95ca57f6bff297644b9849b514346f62696b085077f18f8152ff90af5b46676a8a3f21c48a5ccfedf8f69ab6ce0f37742d19a4b899ad5dda"
            ]
          ]
        }
      },
      "type": "SET_STATE_SCHEMA",
      "input": {
        "schema": "type IntegrationsState {\n  \"Add your global state fields here\"\n  _placeholder: String\n}\n\ntype RequestFinance {\n  apiKey: String\n  email: String\n}\n\ntype GnosisSafe {\n  \n}",
        "scope": "global"
      },
      "scope": "global",
      "id": "174fefad-f098-456f-b1dd-38bace0f8c65",
      "index": 9,
      "timestamp": "2025-07-23T11:38:07.162Z",
      "hash": "hc4seZWZZv5YOw5cU3dnj/VCoG4=",
      "skip": 0
    },
    {
      "context": {
        "signer": {
          "app": {
            "name": "Connect",
            "key": "did:key:zDnaeUCdYmG6wf4RifqdjTyE3XWdm4DvU7XVXd2WFMfj7UAAA"
          },
          "user": {
            "address": "0xadbA7C2F82139031D7564D18aC22D09B12A0BcA4",
            "networkId": "eip155",
            "chainId": 1
          },
          "signatures": [
            [
              "1753270748",
              "did:key:zDnaeUCdYmG6wf4RifqdjTyE3XWdm4DvU7XVXd2WFMfj7UAAA",
              "jyj1NjcTUywcrksh/tPKawGKAmM=",
              "hc4seZWZZv5YOw5cU3dnj/VCoG4=",
              "0xedaf16a4a29fbf726999d2943ccb0f4932c38a14a0c315e2797eba29de73d1fa0ddfc2aaf1ae46ee09f9c70ff8bba031704e9a043fc400446f9fe8af73e3cabb"
            ]
          ]
        }
      },
      "type": "SET_STATE_SCHEMA",
      "input": {
        "schema": "type IntegrationsState {\n  \"Add your global state fields here\"\n  _placeholder: String\n}\n\ntype RequestFinance {\n  apiKey: String\n  email: String\n}\n\ntype GnosisSafe {\n  safeAddress: EthereumAddress\n  signerPrivateKey: String\n}",
        "scope": "global"
      },
      "scope": "global",
      "id": "131e12be-eba8-4431-a6e5-eea6c5098ab0",
      "index": 10,
      "timestamp": "2025-07-23T11:39:07.944Z",
      "hash": "O2f/NjJkK2LUHb9HAQRaDeTBzMw=",
      "skip": 0
    },
    {
      "context": {
        "signer": {
          "app": {
            "name": "Connect",
            "key": "did:key:zDnaeUCdYmG6wf4RifqdjTyE3XWdm4DvU7XVXd2WFMfj7UAAA"
          },
          "user": {
            "address": "0xadbA7C2F82139031D7564D18aC22D09B12A0BcA4",
            "networkId": "eip155",
            "chainId": 1
          },
          "signatures": [
            [
              "1753270847",
              "did:key:zDnaeUCdYmG6wf4RifqdjTyE3XWdm4DvU7XVXd2WFMfj7UAAA",
              "vpX+8aTxeJDnc3PMs8hbPHeM9wU=",
              "O2f/NjJkK2LUHb9HAQRaDeTBzMw=",
              "0x3fdabff76c12dbd790ad308ccd95ad12b317e08a8f99e358c1da02d27660ffd71e4de564085a7817e05015b77f68a3ce6487aad14086c67d698e1aefabfdcabe"
            ]
          ]
        }
      },
      "type": "SET_STATE_SCHEMA",
      "input": {
        "schema": "type IntegrationsState {\n  \"Add your global state fields here\"\n  _placeholder: String\n}\n\ntype RequestFinance {\n  apiKey: String\n  email: String\n}\n\ntype GnosisSafe {\n  safeAddress: EthereumAddress\n  signerPrivateKey: String\n}\n\ntype GoogleCloud {\n  projectId: String\n  location: String\n  processorId: String\n  \n}",
        "scope": "global"
      },
      "scope": "global",
      "id": "3fce6d9d-4762-465b-864f-6b8d67a60695",
      "index": 11,
      "timestamp": "2025-07-23T11:40:46.939Z",
      "hash": "Pp+a8BBoWbwJ9KFyuaOn+LN+xok=",
      "skip": 0
    },
    {
      "context": {
        "signer": {
          "app": {
            "name": "Connect",
            "key": "did:key:zDnaeUCdYmG6wf4RifqdjTyE3XWdm4DvU7XVXd2WFMfj7UAAA"
          },
          "user": {
            "address": "0xadbA7C2F82139031D7564D18aC22D09B12A0BcA4",
            "networkId": "eip155",
            "chainId": 1
          },
          "signatures": [
            [
              "1753270859",
              "did:key:zDnaeUCdYmG6wf4RifqdjTyE3XWdm4DvU7XVXd2WFMfj7UAAA",
              "y5szb30JxxV3lKv+JrY4ejHvi+M=",
              "Pp+a8BBoWbwJ9KFyuaOn+LN+xok=",
              "0xe8cfbf879c16859a1c72720f50865bf56a5f67184db7fc0cd7959fcbbea2a5455d37341eb780958a7791fd6202606c054607506edc926abef4ce994846b85c42"
            ]
          ]
        }
      },
      "type": "SET_STATE_SCHEMA",
      "input": {
        "schema": "type IntegrationsState {\n  \"Add your global state fields here\"\n  _placeholder: String\n}\n\ntype RequestFinance {\n  apiKey: String\n  email: String\n}\n\ntype GnosisSafe {\n  safeAddress: EthereumAddress\n  signerPrivateKey: String\n}\n\ntype GoogleCloud {\n  projectId: String\n  location: String\n  processorId: String\n  keyFile: JSON\n}",
        "scope": "global"
      },
      "scope": "global",
      "id": "c5bb6926-365e-4128-8da0-d14efd431435",
      "index": 12,
      "timestamp": "2025-07-23T11:40:59.215Z",
      "hash": "25igTEjFbmd2HpafhRAhNdT3FSI=",
      "skip": 0
    },
    {
      "context": {
        "signer": {
          "app": {
            "name": "Connect",
            "key": "did:key:zDnaeUCdYmG6wf4RifqdjTyE3XWdm4DvU7XVXd2WFMfj7UAAA"
          },
          "user": {
            "address": "0xadbA7C2F82139031D7564D18aC22D09B12A0BcA4",
            "networkId": "eip155",
            "chainId": 1
          },
          "signatures": [
            [
              "1753270859",
              "did:key:zDnaeUCdYmG6wf4RifqdjTyE3XWdm4DvU7XVXd2WFMfj7UAAA",
              "eelGaB/+sGaX3jIO3rqJVR+wlPE=",
              "25igTEjFbmd2HpafhRAhNdT3FSI=",
              "0xe70d1dfb2d5b12e548bd485654c13035702ef7832d7c41b133606f46e7e6485e9b09c2d79e5862b21edb33ca7a27453cc324d93b11b599e2f8d1cdf3688373d7"
            ]
          ]
        }
      },
      "type": "SET_STATE_SCHEMA",
      "input": {
        "schema": "type IntegrationsState {\n  \"Add your global state fields here\"\n  _placeholder: String\n}\n\ntype RequestFinance {\n  apiKey: String\n  email: String\n}\n\ntype GnosisSafe {\n  safeAddress: EthereumAddress\n  signerPrivateKey: String\n}\n\ntype GoogleCloud {\n  projectId: String\n  location: String\n  processorId: String\n  keyFile: JSON\n}",
        "scope": "global"
      },
      "scope": "global",
      "id": "f1c4e5b7-279e-4686-acb6-9599cd21a60b",
      "index": 13,
      "timestamp": "2025-07-23T11:40:59.216Z",
      "hash": "25igTEjFbmd2HpafhRAhNdT3FSI=",
      "skip": 0
    },
    {
      "context": {
        "signer": {
          "app": {
            "name": "Connect",
            "key": "did:key:zDnaeUCdYmG6wf4RifqdjTyE3XWdm4DvU7XVXd2WFMfj7UAAA"
          },
          "user": {
            "address": "0xadbA7C2F82139031D7564D18aC22D09B12A0BcA4",
            "networkId": "eip155",
            "chainId": 1
          },
          "signatures": [
            [
              "1753270878",
              "did:key:zDnaeUCdYmG6wf4RifqdjTyE3XWdm4DvU7XVXd2WFMfj7UAAA",
              "/AIh6a2UvnNNE2QDddJrTOqu+RY=",
              "25igTEjFbmd2HpafhRAhNdT3FSI=",
              "0x695e8da4c1a9f1a241ee63e576dd24c471be4d2c81472b2cf40c749d1ac409674184872e4df4dc8038b853b7de05b788d6d4054ee4c46703ffbbd3d2e8999771"
            ]
          ]
        }
      },
      "type": "SET_STATE_SCHEMA",
      "input": {
        "schema": "type IntegrationsState {\n  \"Add your global state fields here\"\n  _placeholder: String\n}\n\ntype RequestFinance {\n  apiKey: String\n  email: String\n}\n\ntype GnosisSafe {\n  safeAddress: EthereumAddress\n  signerPrivateKey: String\n}\n\ntype GoogleCloud {\n  projectId: String\n  location: String\n  processorId: String\n  keyFile: String\n}",
        "scope": "global"
      },
      "scope": "global",
      "id": "f2c2addb-03f6-4515-9a4d-3f54a9418bfd",
      "index": 14,
      "timestamp": "2025-07-23T11:41:17.718Z",
      "hash": "pwgbGOskXc5A9mbD5n99S81CehA=",
      "skip": 0
    },
    {
      "context": {
        "signer": {
          "app": {
            "name": "Connect",
            "key": "did:key:zDnaeUCdYmG6wf4RifqdjTyE3XWdm4DvU7XVXd2WFMfj7UAAA"
          },
          "user": {
            "address": "0xadbA7C2F82139031D7564D18aC22D09B12A0BcA4",
            "networkId": "eip155",
            "chainId": 1
          },
          "signatures": [
            [
              "1753274615",
              "did:key:zDnaeUCdYmG6wf4RifqdjTyE3XWdm4DvU7XVXd2WFMfj7UAAA",
              "YA6HebRny41lOJmm3E4K2jiSpjw=",
              "pwgbGOskXc5A9mbD5n99S81CehA=",
              "0xea23b54517badf84673e2895e4c1aabb09b0760e066801341112dba208c7ef766154242b1624c75410cf676ee36ef70319a7d791311c6b3c113481b3ff8001d5"
            ]
          ]
        }
      },
      "type": "SET_STATE_SCHEMA",
      "input": {
        "schema": "type IntegrationsState {\n  \"Add your global state fields here\"\n  _placeholder: String\n}\n\ntype RequestFinance {\n  apiKey: String\n  email: String\n}\n\ntype GnosisSafe {\n  safeAddress: EthereumAddress\n  signerPrivateKey: String\n}\n\ntype GoogleCloud {\n  projectId: String\n  location: String\n  processorId: String\n  keyFile: String\n}\n\ntype KeyFile {\n  \n}",
        "scope": "global"
      },
      "scope": "global",
      "id": "c23aa48c-bfa2-43cb-a34c-d4cf1de697d9",
      "index": 15,
      "timestamp": "2025-07-23T12:43:35.453Z",
      "hash": "TLOEceVxJniK2WRMYJU8YYIoXFs=",
      "skip": 0
    },
    {
      "context": {
        "signer": {
          "app": {
            "name": "Connect",
            "key": "did:key:zDnaeUCdYmG6wf4RifqdjTyE3XWdm4DvU7XVXd2WFMfj7UAAA"
          },
          "user": {
            "address": "0xadbA7C2F82139031D7564D18aC22D09B12A0BcA4",
            "networkId": "eip155",
            "chainId": 1
          },
          "signatures": [
            [
              "1753274635",
              "did:key:zDnaeUCdYmG6wf4RifqdjTyE3XWdm4DvU7XVXd2WFMfj7UAAA",
              "XZ4IsNGIbNq6M1nmxqQBaJHaCgo=",
              "TLOEceVxJniK2WRMYJU8YYIoXFs=",
              "0x1cfcb19e7177eb7a8f082c494f89cab78777b93ef30ac99dfe90dcf8d920f494ec65180857036a618deff8c5f02dea7a8948fae5a7f9942b170cb09e91f07efb"
            ]
          ]
        }
      },
      "type": "SET_STATE_SCHEMA",
      "input": {
        "schema": "type IntegrationsState {\n  \"Add your global state fields here\"\n  _placeholder: String\n}\n\ntype RequestFinance {\n  apiKey: String\n  email: String\n}\n\ntype GnosisSafe {\n  safeAddress: EthereumAddress\n  signerPrivateKey: String\n}\n\ntype GoogleCloud {\n  projectId: String\n  location: String\n  processorId: String\n  keyFile: String\n}\n\ntype KeyFile {\n  type: String\n  \n}",
        "scope": "global"
      },
      "scope": "global",
      "id": "7855f063-900e-400e-907c-f8d6ce254511",
      "index": 16,
      "timestamp": "2025-07-23T12:43:55.258Z",
      "hash": "xXF/p6qLz//inEMy2CtMuwkg3ic=",
      "skip": 0
    },
    {
      "context": {
        "signer": {
          "app": {
            "name": "Connect",
            "key": "did:key:zDnaeUCdYmG6wf4RifqdjTyE3XWdm4DvU7XVXd2WFMfj7UAAA"
          },
          "user": {
            "address": "0xadbA7C2F82139031D7564D18aC22D09B12A0BcA4",
            "networkId": "eip155",
            "chainId": 1
          },
          "signatures": [
            [
              "1753274635",
              "did:key:zDnaeUCdYmG6wf4RifqdjTyE3XWdm4DvU7XVXd2WFMfj7UAAA",
              "zt6GN2Xalp6I+4IcGn0k/qQbNcU=",
              "xXF/p6qLz//inEMy2CtMuwkg3ic=",
              "0xe8f0f4c9520549a50169856ee734a36f41afe059793c7c214edeee15729aa2bcc6911dfa50bdd78da6f8e765b7f0f4d5988c2b4efc81de2ee42b7971c1706488"
            ]
          ]
        }
      },
      "type": "SET_STATE_SCHEMA",
      "input": {
        "schema": "type IntegrationsState {\n  \"Add your global state fields here\"\n  _placeholder: String\n}\n\ntype RequestFinance {\n  apiKey: String\n  email: String\n}\n\ntype GnosisSafe {\n  safeAddress: EthereumAddress\n  signerPrivateKey: String\n}\n\ntype GoogleCloud {\n  projectId: String\n  location: String\n  processorId: String\n  keyFile: String\n}\n\ntype KeyFile {\n  type: String\n  \n}",
        "scope": "global"
      },
      "scope": "global",
      "id": "0688a67f-c902-4e5b-a6d1-2ed4f2764e78",
      "index": 17,
      "timestamp": "2025-07-23T12:43:55.259Z",
      "hash": "xXF/p6qLz//inEMy2CtMuwkg3ic=",
      "skip": 0
    },
    {
      "context": {
        "signer": {
          "app": {
            "name": "Connect",
            "key": "did:key:zDnaeUCdYmG6wf4RifqdjTyE3XWdm4DvU7XVXd2WFMfj7UAAA"
          },
          "user": {
            "address": "0xadbA7C2F82139031D7564D18aC22D09B12A0BcA4",
            "networkId": "eip155",
            "chainId": 1
          },
          "signatures": [
            [
              "1753274642",
              "did:key:zDnaeUCdYmG6wf4RifqdjTyE3XWdm4DvU7XVXd2WFMfj7UAAA",
              "kM+WS/XGZA4U06hFMyyW+LmsRsQ=",
              "xXF/p6qLz//inEMy2CtMuwkg3ic=",
              "0x38d9d5c3b31aa9832950e5e824fa09e6f96217f82199fd02d4a6b97b3db09a72d16726981593f2c6dfa4b89360454e15161d8e9b2f285986431f581bea8de50e"
            ]
          ]
        }
      },
      "type": "SET_STATE_SCHEMA",
      "input": {
        "schema": "type IntegrationsState {\n  \"Add your global state fields here\"\n  _placeholder: String\n}\n\ntype RequestFinance {\n  apiKey: String\n  email: String\n}\n\ntype GnosisSafe {\n  safeAddress: EthereumAddress\n  signerPrivateKey: String\n}\n\ntype GoogleCloud {\n  projectId: String\n  location: String\n  processorId: String\n  keyFile: String\n}\n\ntype KeyFile {\n  type: String\n  project_id: String\n  \n}",
        "scope": "global"
      },
      "scope": "global",
      "id": "74501f03-883f-42fc-925f-f745c9b7be32",
      "index": 18,
      "timestamp": "2025-07-23T12:44:02.313Z",
      "hash": "MQKj0btY5xXUNpREuXTvc13t8DA=",
      "skip": 0
    },
    {
      "context": {
        "signer": {
          "app": {
            "name": "Connect",
            "key": "did:key:zDnaeUCdYmG6wf4RifqdjTyE3XWdm4DvU7XVXd2WFMfj7UAAA"
          },
          "user": {
            "address": "0xadbA7C2F82139031D7564D18aC22D09B12A0BcA4",
            "networkId": "eip155",
            "chainId": 1
          },
          "signatures": [
            [
              "1753274642",
              "did:key:zDnaeUCdYmG6wf4RifqdjTyE3XWdm4DvU7XVXd2WFMfj7UAAA",
              "cyAPBbtbeoST6dty256e38pefKE=",
              "MQKj0btY5xXUNpREuXTvc13t8DA=",
              "0x92a22f1e1ae1f3404465433c048c59d5fd9c73cc13ed73565f96a4bce452d18066c87a059ef83438618824cfb48d154e782a31a073a9772bf4c9097e5451abcf"
            ]
          ]
        }
      },
      "type": "SET_STATE_SCHEMA",
      "input": {
        "schema": "type IntegrationsState {\n  \"Add your global state fields here\"\n  _placeholder: String\n}\n\ntype RequestFinance {\n  apiKey: String\n  email: String\n}\n\ntype GnosisSafe {\n  safeAddress: EthereumAddress\n  signerPrivateKey: String\n}\n\ntype GoogleCloud {\n  projectId: String\n  location: String\n  processorId: String\n  keyFile: String\n}\n\ntype KeyFile {\n  type: String\n  project_id: String\n  \n}",
        "scope": "global"
      },
      "scope": "global",
      "id": "dd131dac-d90f-49ab-b64a-1246921117b1",
      "index": 19,
      "timestamp": "2025-07-23T12:44:02.313Z",
      "hash": "MQKj0btY5xXUNpREuXTvc13t8DA=",
      "skip": 0
    },
    {
      "context": {
        "signer": {
          "app": {
            "name": "Connect",
            "key": "did:key:zDnaeUCdYmG6wf4RifqdjTyE3XWdm4DvU7XVXd2WFMfj7UAAA"
          },
          "user": {
            "address": "0xadbA7C2F82139031D7564D18aC22D09B12A0BcA4",
            "networkId": "eip155",
            "chainId": 1
          },
          "signatures": [
            [
              "1753274649",
              "did:key:zDnaeUCdYmG6wf4RifqdjTyE3XWdm4DvU7XVXd2WFMfj7UAAA",
              "WU0d0dIDEk0LlBV9qPYf/KiV2Aw=",
              "MQKj0btY5xXUNpREuXTvc13t8DA=",
              "0x175077cce89db120ea2c61f3b53e79f75359a7c3cd10b155ca7cc14d329b25c3e88c42e84afe3609510d65440315203c2333469b3fca0115c915a6bfa1e75b78"
            ]
          ]
        }
      },
      "type": "SET_STATE_SCHEMA",
      "input": {
        "schema": "type IntegrationsState {\n  \"Add your global state fields here\"\n  _placeholder: String\n}\n\ntype RequestFinance {\n  apiKey: String\n  email: String\n}\n\ntype GnosisSafe {\n  safeAddress: EthereumAddress\n  signerPrivateKey: String\n}\n\ntype GoogleCloud {\n  projectId: String\n  location: String\n  processorId: String\n  keyFile: String\n}\n\ntype KeyFile {\n  type: String\n  project_id: String\n  private_key_id: String\n  \n}",
        "scope": "global"
      },
      "scope": "global",
      "id": "cd9f881d-92fe-4c7a-91db-e897e79d5e2f",
      "index": 20,
      "timestamp": "2025-07-23T12:44:09.117Z",
      "hash": "0yxQItAq0aFq/FyI1jdAZUxQRGU=",
      "skip": 0
    },
    {
      "context": {
        "signer": {
          "app": {
            "name": "Connect",
            "key": "did:key:zDnaeUCdYmG6wf4RifqdjTyE3XWdm4DvU7XVXd2WFMfj7UAAA"
          },
          "user": {
            "address": "0xadbA7C2F82139031D7564D18aC22D09B12A0BcA4",
            "networkId": "eip155",
            "chainId": 1
          },
          "signatures": [
            [
              "1753274649",
              "did:key:zDnaeUCdYmG6wf4RifqdjTyE3XWdm4DvU7XVXd2WFMfj7UAAA",
              "TVMlIS/SwjXNm+Mr+z3XCIgy7HY=",
              "0yxQItAq0aFq/FyI1jdAZUxQRGU=",
              "0xc645a04727ed7953cd32187fc0fa3eed0a05f3e2ae2621d5acef8eff3d99b4d4acb81366fb5824889e2980a371d0ad389107ec09a0068f9c0f501c432065f6c8"
            ]
          ]
        }
      },
      "type": "SET_STATE_SCHEMA",
      "input": {
        "schema": "type IntegrationsState {\n  \"Add your global state fields here\"\n  _placeholder: String\n}\n\ntype RequestFinance {\n  apiKey: String\n  email: String\n}\n\ntype GnosisSafe {\n  safeAddress: EthereumAddress\n  signerPrivateKey: String\n}\n\ntype GoogleCloud {\n  projectId: String\n  location: String\n  processorId: String\n  keyFile: String\n}\n\ntype KeyFile {\n  type: String\n  project_id: String\n  private_key_id: String\n  \n}",
        "scope": "global"
      },
      "scope": "global",
      "id": "15cdc998-9ca1-4770-a47f-07fea8f02090",
      "index": 21,
      "timestamp": "2025-07-23T12:44:09.117Z",
      "hash": "0yxQItAq0aFq/FyI1jdAZUxQRGU=",
      "skip": 0
    },
    {
      "context": {
        "signer": {
          "app": {
            "name": "Connect",
            "key": "did:key:zDnaeUCdYmG6wf4RifqdjTyE3XWdm4DvU7XVXd2WFMfj7UAAA"
          },
          "user": {
            "address": "0xadbA7C2F82139031D7564D18aC22D09B12A0BcA4",
            "networkId": "eip155",
            "chainId": 1
          },
          "signatures": [
            [
              "1753274659",
              "did:key:zDnaeUCdYmG6wf4RifqdjTyE3XWdm4DvU7XVXd2WFMfj7UAAA",
              "xblJW6Qxosyt6bpDLyTaQ9KpObI=",
              "0yxQItAq0aFq/FyI1jdAZUxQRGU=",
              "0x0957c72e4a3127bff345f2f891decf60a73f5d16a3e772d7d74e9826488ec482608199282447d8e1116c9686d689ceb8e6d4692d27eaae1bd0b7413f4a4336f2"
            ]
          ]
        }
      },
      "type": "SET_STATE_SCHEMA",
      "input": {
        "schema": "type IntegrationsState {\n  \"Add your global state fields here\"\n  _placeholder: String\n}\n\ntype RequestFinance {\n  apiKey: String\n  email: String\n}\n\ntype GnosisSafe {\n  safeAddress: EthereumAddress\n  signerPrivateKey: String\n}\n\ntype GoogleCloud {\n  projectId: String\n  location: String\n  processorId: String\n  keyFile: String\n}\n\ntype KeyFile {\n  type: String\n  project_id: String\n  private_key_id: String\n  private_key: String\n  \n}",
        "scope": "global"
      },
      "scope": "global",
      "id": "d5b1825b-0753-48e7-945a-ee0370041f32",
      "index": 22,
      "timestamp": "2025-07-23T12:44:18.703Z",
      "hash": "NjAp82PC/Z+QdiboPI6s/UEL+gg=",
      "skip": 0
    },
    {
      "context": {
        "signer": {
          "app": {
            "name": "Connect",
            "key": "did:key:zDnaeUCdYmG6wf4RifqdjTyE3XWdm4DvU7XVXd2WFMfj7UAAA"
          },
          "user": {
            "address": "0xadbA7C2F82139031D7564D18aC22D09B12A0BcA4",
            "networkId": "eip155",
            "chainId": 1
          },
          "signatures": [
            [
              "1753274659",
              "did:key:zDnaeUCdYmG6wf4RifqdjTyE3XWdm4DvU7XVXd2WFMfj7UAAA",
              "r+Lgwt/9u466QlPYBQvFQFP8HLg=",
              "NjAp82PC/Z+QdiboPI6s/UEL+gg=",
              "0x0ea11cacf4898afce0ccca5e83b6a560b47db11dcc33b490cc30ab323a81f25082d163c941ba97cb1d30d37f72fc6845ea22825d683ba35e1e07aa8b57ef4288"
            ]
          ]
        }
      },
      "type": "SET_STATE_SCHEMA",
      "input": {
        "schema": "type IntegrationsState {\n  \"Add your global state fields here\"\n  _placeholder: String\n}\n\ntype RequestFinance {\n  apiKey: String\n  email: String\n}\n\ntype GnosisSafe {\n  safeAddress: EthereumAddress\n  signerPrivateKey: String\n}\n\ntype GoogleCloud {\n  projectId: String\n  location: String\n  processorId: String\n  keyFile: String\n}\n\ntype KeyFile {\n  type: String\n  project_id: String\n  private_key_id: String\n  private_key: String\n  \n}",
        "scope": "global"
      },
      "scope": "global",
      "id": "5f2bcef0-6059-486f-953a-fa93e216bd2a",
      "index": 23,
      "timestamp": "2025-07-23T12:44:18.704Z",
      "hash": "NjAp82PC/Z+QdiboPI6s/UEL+gg=",
      "skip": 0
    },
    {
      "context": {
        "signer": {
          "app": {
            "name": "Connect",
            "key": "did:key:zDnaeUCdYmG6wf4RifqdjTyE3XWdm4DvU7XVXd2WFMfj7UAAA"
          },
          "user": {
            "address": "0xadbA7C2F82139031D7564D18aC22D09B12A0BcA4",
            "networkId": "eip155",
            "chainId": 1
          },
          "signatures": [
            [
              "1753274668",
              "did:key:zDnaeUCdYmG6wf4RifqdjTyE3XWdm4DvU7XVXd2WFMfj7UAAA",
              "BTjEBif0YcLwh2dOBPi72pnrIhE=",
              "NjAp82PC/Z+QdiboPI6s/UEL+gg=",
              "0x32e0ba739c7273a88d244a9f397f3c3128a5d5c91164b899476dc4151a43dfa6afc002e1d297387a3c960c063f37cab31ffd82d7c813f36f7ae95cb0decaeb92"
            ]
          ]
        }
      },
      "type": "SET_STATE_SCHEMA",
      "input": {
        "schema": "type IntegrationsState {\n  \"Add your global state fields here\"\n  _placeholder: String\n}\n\ntype RequestFinance {\n  apiKey: String\n  email: String\n}\n\ntype GnosisSafe {\n  safeAddress: EthereumAddress\n  signerPrivateKey: String\n}\n\ntype GoogleCloud {\n  projectId: String\n  location: String\n  processorId: String\n  keyFile: String\n}\n\ntype KeyFile {\n  type: String\n  project_id: String\n  private_key_id: String\n  private_key: String\n  client_email: String\n  \n}",
        "scope": "global"
      },
      "scope": "global",
      "id": "1e23ed55-e210-4e3c-a9b6-ccf321659ffd",
      "index": 24,
      "timestamp": "2025-07-23T12:44:27.771Z",
      "hash": "YSRsgvOJ+vBi4GIB3FCuvRmL3TY=",
      "skip": 0
    },
    {
      "context": {
        "signer": {
          "app": {
            "name": "Connect",
            "key": "did:key:zDnaeUCdYmG6wf4RifqdjTyE3XWdm4DvU7XVXd2WFMfj7UAAA"
          },
          "user": {
            "address": "0xadbA7C2F82139031D7564D18aC22D09B12A0BcA4",
            "networkId": "eip155",
            "chainId": 1
          },
          "signatures": [
            [
              "1753274668",
              "did:key:zDnaeUCdYmG6wf4RifqdjTyE3XWdm4DvU7XVXd2WFMfj7UAAA",
              "4hoHMW5ydNDAKr6b9j7mB34ogDI=",
              "YSRsgvOJ+vBi4GIB3FCuvRmL3TY=",
              "0xe911c41ab549304d4907337e635fbd3af6167543accd7af4e5b211cd757bbc993a8b57b48b3f1f1147e9c047ff5cbad941338af6372893c6d08ef1cc108e76a7"
            ]
          ]
        }
      },
      "type": "SET_STATE_SCHEMA",
      "input": {
        "schema": "type IntegrationsState {\n  \"Add your global state fields here\"\n  _placeholder: String\n}\n\ntype RequestFinance {\n  apiKey: String\n  email: String\n}\n\ntype GnosisSafe {\n  safeAddress: EthereumAddress\n  signerPrivateKey: String\n}\n\ntype GoogleCloud {\n  projectId: String\n  location: String\n  processorId: String\n  keyFile: String\n}\n\ntype KeyFile {\n  type: String\n  project_id: String\n  private_key_id: String\n  private_key: String\n  client_email: String\n  \n}",
        "scope": "global"
      },
      "scope": "global",
      "id": "68901ff6-d9b4-4b19-b759-45dfe9375e5f",
      "index": 25,
      "timestamp": "2025-07-23T12:44:27.771Z",
      "hash": "YSRsgvOJ+vBi4GIB3FCuvRmL3TY=",
      "skip": 0
    },
    {
      "context": {
        "signer": {
          "app": {
            "name": "Connect",
            "key": "did:key:zDnaeUCdYmG6wf4RifqdjTyE3XWdm4DvU7XVXd2WFMfj7UAAA"
          },
          "user": {
            "address": "0xadbA7C2F82139031D7564D18aC22D09B12A0BcA4",
            "networkId": "eip155",
            "chainId": 1
          },
          "signatures": [
            [
              "1753274674",
              "did:key:zDnaeUCdYmG6wf4RifqdjTyE3XWdm4DvU7XVXd2WFMfj7UAAA",
              "0MFSY4Z/+xBu7iY/Q9rDXIa0cvA=",
              "YSRsgvOJ+vBi4GIB3FCuvRmL3TY=",
              "0x18507c25f344817630d3aef94f3e8a998a0f25d47e8d4add536d8b39c18b374bccf841709feb0dde44973bbb0b617d07efe292e7304d1ccb80eed4bea97422c5"
            ]
          ]
        }
      },
      "type": "SET_STATE_SCHEMA",
      "input": {
        "schema": "type IntegrationsState {\n  \"Add your global state fields here\"\n  _placeholder: String\n}\n\ntype RequestFinance {\n  apiKey: String\n  email: String\n}\n\ntype GnosisSafe {\n  safeAddress: EthereumAddress\n  signerPrivateKey: String\n}\n\ntype GoogleCloud {\n  projectId: String\n  location: String\n  processorId: String\n  keyFile: String\n}\n\ntype KeyFile {\n  type: String\n  project_id: String\n  private_key_id: String\n  private_key: String\n  client_email: String\n  client_id: String\n  \n}",
        "scope": "global"
      },
      "scope": "global",
      "id": "2eb6e79e-cadd-4354-9b3f-c25b555f40e9",
      "index": 26,
      "timestamp": "2025-07-23T12:44:33.987Z",
      "hash": "yAjXCaHHMPHCQuiClIWy92hNurI=",
      "skip": 0
    },
    {
      "context": {
        "signer": {
          "app": {
            "name": "Connect",
            "key": "did:key:zDnaeUCdYmG6wf4RifqdjTyE3XWdm4DvU7XVXd2WFMfj7UAAA"
          },
          "user": {
            "address": "0xadbA7C2F82139031D7564D18aC22D09B12A0BcA4",
            "networkId": "eip155",
            "chainId": 1
          },
          "signatures": [
            [
              "1753274674",
              "did:key:zDnaeUCdYmG6wf4RifqdjTyE3XWdm4DvU7XVXd2WFMfj7UAAA",
              "9wCNKA2QvdhV2T+tE85JINjz15k=",
              "yAjXCaHHMPHCQuiClIWy92hNurI=",
              "0x5c8e96a269dcc51c469940de948486a02432dac5182411bdbb507291c37ddc9ba34ecf756a91365dc091db4ec9361785a302204b1c04fa6bd2d8c96df64a5b7f"
            ]
          ]
        }
      },
      "type": "SET_STATE_SCHEMA",
      "input": {
        "schema": "type IntegrationsState {\n  \"Add your global state fields here\"\n  _placeholder: String\n}\n\ntype RequestFinance {\n  apiKey: String\n  email: String\n}\n\ntype GnosisSafe {\n  safeAddress: EthereumAddress\n  signerPrivateKey: String\n}\n\ntype GoogleCloud {\n  projectId: String\n  location: String\n  processorId: String\n  keyFile: String\n}\n\ntype KeyFile {\n  type: String\n  project_id: String\n  private_key_id: String\n  private_key: String\n  client_email: String\n  client_id: String\n  \n}",
        "scope": "global"
      },
      "scope": "global",
      "id": "9b15b110-0766-44f0-84f8-4f0825924df4",
      "index": 27,
      "timestamp": "2025-07-23T12:44:33.987Z",
      "hash": "yAjXCaHHMPHCQuiClIWy92hNurI=",
      "skip": 0
    },
    {
      "context": {
        "signer": {
          "app": {
            "name": "Connect",
            "key": "did:key:zDnaeUCdYmG6wf4RifqdjTyE3XWdm4DvU7XVXd2WFMfj7UAAA"
          },
          "user": {
            "address": "0xadbA7C2F82139031D7564D18aC22D09B12A0BcA4",
            "networkId": "eip155",
            "chainId": 1
          },
          "signatures": [
            [
              "1753274680",
              "did:key:zDnaeUCdYmG6wf4RifqdjTyE3XWdm4DvU7XVXd2WFMfj7UAAA",
              "pXQEy4YgPU/yzd3q4v2y8i4oazI=",
              "yAjXCaHHMPHCQuiClIWy92hNurI=",
              "0x94021681efec46eea32098064b298a884b1d4672d60b49045d9f2f41b4917ba02ee554008269154c0e98175c58aeda6e163d64c19190bfac4c17d1601e1d55fa"
            ]
          ]
        }
      },
      "type": "SET_STATE_SCHEMA",
      "input": {
        "schema": "type IntegrationsState {\n  \"Add your global state fields here\"\n  _placeholder: String\n}\n\ntype RequestFinance {\n  apiKey: String\n  email: String\n}\n\ntype GnosisSafe {\n  safeAddress: EthereumAddress\n  signerPrivateKey: String\n}\n\ntype GoogleCloud {\n  projectId: String\n  location: String\n  processorId: String\n  keyFile: String\n}\n\ntype KeyFile {\n  type: String\n  project_id: String\n  private_key_id: String\n  private_key: String\n  client_email: String\n  client_id: String\n  auth_uri: String\n  \n}",
        "scope": "global"
      },
      "scope": "global",
      "id": "b6796239-8065-4b6b-ba9c-594b43bfaf2a",
      "index": 28,
      "timestamp": "2025-07-23T12:44:40.274Z",
      "hash": "6nAqfCQmScIgbAGWW6DADGwjKkc=",
      "skip": 0
    },
    {
      "context": {
        "signer": {
          "app": {
            "name": "Connect",
            "key": "did:key:zDnaeUCdYmG6wf4RifqdjTyE3XWdm4DvU7XVXd2WFMfj7UAAA"
          },
          "user": {
            "address": "0xadbA7C2F82139031D7564D18aC22D09B12A0BcA4",
            "networkId": "eip155",
            "chainId": 1
          },
          "signatures": [
            [
              "1753274680",
              "did:key:zDnaeUCdYmG6wf4RifqdjTyE3XWdm4DvU7XVXd2WFMfj7UAAA",
              "6Q1uCbR4hQouRoSWzrR4vllpDwU=",
              "6nAqfCQmScIgbAGWW6DADGwjKkc=",
              "0xe1f338cc61d14955bec5fb040121cf268c656376280c708c8a5476ef2ad52e89467f88a495137334a4ea553b54cea257342a89cdbc9fcd39759d3893642a9aa0"
            ]
          ]
        }
      },
      "type": "SET_STATE_SCHEMA",
      "input": {
        "schema": "type IntegrationsState {\n  \"Add your global state fields here\"\n  _placeholder: String\n}\n\ntype RequestFinance {\n  apiKey: String\n  email: String\n}\n\ntype GnosisSafe {\n  safeAddress: EthereumAddress\n  signerPrivateKey: String\n}\n\ntype GoogleCloud {\n  projectId: String\n  location: String\n  processorId: String\n  keyFile: String\n}\n\ntype KeyFile {\n  type: String\n  project_id: String\n  private_key_id: String\n  private_key: String\n  client_email: String\n  client_id: String\n  auth_uri: String\n  \n}",
        "scope": "global"
      },
      "scope": "global",
      "id": "07be0ec2-4283-489b-87d9-a2c193c73345",
      "index": 29,
      "timestamp": "2025-07-23T12:44:40.274Z",
      "hash": "6nAqfCQmScIgbAGWW6DADGwjKkc=",
      "skip": 0
    },
    {
      "context": {
        "signer": {
          "app": {
            "name": "Connect",
            "key": "did:key:zDnaeUCdYmG6wf4RifqdjTyE3XWdm4DvU7XVXd2WFMfj7UAAA"
          },
          "user": {
            "address": "0xadbA7C2F82139031D7564D18aC22D09B12A0BcA4",
            "networkId": "eip155",
            "chainId": 1
          },
          "signatures": [
            [
              "1753274690",
              "did:key:zDnaeUCdYmG6wf4RifqdjTyE3XWdm4DvU7XVXd2WFMfj7UAAA",
              "/enerhDT1CEWqEA+SyUCrQ553fA=",
              "6nAqfCQmScIgbAGWW6DADGwjKkc=",
              "0x2ec64e5a2a0cfd77473d83cc201b09fe6128dd0b52149a55624af8704b06ddda6b24e5a9943df13893d59deaf2241e2d449801f69c8420c9c58cafe0530526c8"
            ]
          ]
        }
      },
      "type": "SET_STATE_SCHEMA",
      "input": {
        "schema": "type IntegrationsState {\n  \"Add your global state fields here\"\n  _placeholder: String\n}\n\ntype RequestFinance {\n  apiKey: String\n  email: String\n}\n\ntype GnosisSafe {\n  safeAddress: EthereumAddress\n  signerPrivateKey: String\n}\n\ntype GoogleCloud {\n  projectId: String\n  location: String\n  processorId: String\n  keyFile: String\n}\n\ntype KeyFile {\n  type: String\n  project_id: String\n  private_key_id: String\n  private_key: String\n  client_email: String\n  client_id: String\n  auth_uri: String\n  token_uri: String\n  \n  \n}",
        "scope": "global"
      },
      "scope": "global",
      "id": "1138d495-90dd-4bd7-a9d5-e23aa6a9f174",
      "index": 30,
      "timestamp": "2025-07-23T12:44:49.574Z",
      "hash": "XTyCWsquJoDZ6GbYr0eRLbA3n2M=",
      "skip": 0
    },
    {
      "context": {
        "signer": {
          "app": {
            "name": "Connect",
            "key": "did:key:zDnaeUCdYmG6wf4RifqdjTyE3XWdm4DvU7XVXd2WFMfj7UAAA"
          },
          "user": {
            "address": "0xadbA7C2F82139031D7564D18aC22D09B12A0BcA4",
            "networkId": "eip155",
            "chainId": 1
          },
          "signatures": [
            [
              "1753274690",
              "did:key:zDnaeUCdYmG6wf4RifqdjTyE3XWdm4DvU7XVXd2WFMfj7UAAA",
              "UepwsX1CuHCxWff1bzi3oRbK230=",
              "XTyCWsquJoDZ6GbYr0eRLbA3n2M=",
              "0x0816fd0f444bc7f01b1c52c42524d8a000ba4eeefedbfdca1332c2e61b1f32471c7964acdb18b83564c3f661ef74c98d4d4faec657ad6ca999c9e3af81d2efb1"
            ]
          ]
        }
      },
      "type": "SET_STATE_SCHEMA",
      "input": {
        "schema": "type IntegrationsState {\n  \"Add your global state fields here\"\n  _placeholder: String\n}\n\ntype RequestFinance {\n  apiKey: String\n  email: String\n}\n\ntype GnosisSafe {\n  safeAddress: EthereumAddress\n  signerPrivateKey: String\n}\n\ntype GoogleCloud {\n  projectId: String\n  location: String\n  processorId: String\n  keyFile: String\n}\n\ntype KeyFile {\n  type: String\n  project_id: String\n  private_key_id: String\n  private_key: String\n  client_email: String\n  client_id: String\n  auth_uri: String\n  token_uri: String\n  \n  \n}",
        "scope": "global"
      },
      "scope": "global",
      "id": "46be9903-b985-41ac-9103-0bcd12f65200",
      "index": 31,
      "timestamp": "2025-07-23T12:44:49.576Z",
      "hash": "XTyCWsquJoDZ6GbYr0eRLbA3n2M=",
      "skip": 0
    },
    {
      "context": {
        "signer": {
          "app": {
            "name": "Connect",
            "key": "did:key:zDnaeUCdYmG6wf4RifqdjTyE3XWdm4DvU7XVXd2WFMfj7UAAA"
          },
          "user": {
            "address": "0xadbA7C2F82139031D7564D18aC22D09B12A0BcA4",
            "networkId": "eip155",
            "chainId": 1
          },
          "signatures": [
            [
              "1753274697",
              "did:key:zDnaeUCdYmG6wf4RifqdjTyE3XWdm4DvU7XVXd2WFMfj7UAAA",
              "/iXjg8dW/mvZwweEhnWLmnBM2CQ=",
              "XTyCWsquJoDZ6GbYr0eRLbA3n2M=",
              "0xd1578d978826e2179e26c1e823bc67fa61d32741609c6305d1856db877187a34727db65f2848709cb93047862fd7ca49ea3ace5305b2ebcbac559bd5ae48bb9c"
            ]
          ]
        }
      },
      "type": "SET_STATE_SCHEMA",
      "input": {
        "schema": "type IntegrationsState {\n  \"Add your global state fields here\"\n  _placeholder: String\n}\n\ntype RequestFinance {\n  apiKey: String\n  email: String\n}\n\ntype GnosisSafe {\n  safeAddress: EthereumAddress\n  signerPrivateKey: String\n}\n\ntype GoogleCloud {\n  projectId: String\n  location: String\n  processorId: String\n  keyFile: String\n}\n\ntype KeyFile {\n  type: String\n  project_id: String\n  private_key_id: String\n  private_key: String\n  client_email: String\n  client_id: String\n  auth_uri: String\n  token_uri: String\n  auth_provider_x509_cert_url: String\n  \n  \n}",
        "scope": "global"
      },
      "scope": "global",
      "id": "7d84ac10-689a-48ae-b4c2-6f9596ef37fe",
      "index": 32,
      "timestamp": "2025-07-23T12:44:57.285Z",
      "hash": "Yr2Sa/jS+fK2ApMmCEDawD+yw54=",
      "skip": 0
    },
    {
      "context": {
        "signer": {
          "app": {
            "name": "Connect",
            "key": "did:key:zDnaeUCdYmG6wf4RifqdjTyE3XWdm4DvU7XVXd2WFMfj7UAAA"
          },
          "user": {
            "address": "0xadbA7C2F82139031D7564D18aC22D09B12A0BcA4",
            "networkId": "eip155",
            "chainId": 1
          },
          "signatures": [
            [
              "1753274697",
              "did:key:zDnaeUCdYmG6wf4RifqdjTyE3XWdm4DvU7XVXd2WFMfj7UAAA",
              "J5Adt3P7CVUER1aFGHOXdOA8rhg=",
              "Yr2Sa/jS+fK2ApMmCEDawD+yw54=",
              "0x68eaf71cf75659426d393ab4342122eae2d9992b997d4b4540514b03f97b3ea8177c420958dabc8b5a69ce8cbab6dde2dcb40d98ac8e2d5c5ac4180f32975ade"
            ]
          ]
        }
      },
      "type": "SET_STATE_SCHEMA",
      "input": {
        "schema": "type IntegrationsState {\n  \"Add your global state fields here\"\n  _placeholder: String\n}\n\ntype RequestFinance {\n  apiKey: String\n  email: String\n}\n\ntype GnosisSafe {\n  safeAddress: EthereumAddress\n  signerPrivateKey: String\n}\n\ntype GoogleCloud {\n  projectId: String\n  location: String\n  processorId: String\n  keyFile: String\n}\n\ntype KeyFile {\n  type: String\n  project_id: String\n  private_key_id: String\n  private_key: String\n  client_email: String\n  client_id: String\n  auth_uri: String\n  token_uri: String\n  auth_provider_x509_cert_url: String\n  \n  \n}",
        "scope": "global"
      },
      "scope": "global",
      "id": "5150b27b-45fd-4761-a696-cdbe64c6c27b",
      "index": 33,
      "timestamp": "2025-07-23T12:44:57.286Z",
      "hash": "Yr2Sa/jS+fK2ApMmCEDawD+yw54=",
      "skip": 0
    },
    {
      "context": {
        "signer": {
          "app": {
            "name": "Connect",
            "key": "did:key:zDnaeUCdYmG6wf4RifqdjTyE3XWdm4DvU7XVXd2WFMfj7UAAA"
          },
          "user": {
            "address": "0xadbA7C2F82139031D7564D18aC22D09B12A0BcA4",
            "networkId": "eip155",
            "chainId": 1
          },
          "signatures": [
            [
              "1753274705",
              "did:key:zDnaeUCdYmG6wf4RifqdjTyE3XWdm4DvU7XVXd2WFMfj7UAAA",
              "Hb1/0o3JNXP7suF+jOtIYW70v4M=",
              "Yr2Sa/jS+fK2ApMmCEDawD+yw54=",
              "0x434e6268cff1ad4d46a2688609a7d5666fd405f01439fd2f01343a3c0ceabc9226c585a0748cba26bf01227d15b5da75030429cf2f207da196f1bc3288c0f98b"
            ]
          ]
        }
      },
      "type": "SET_STATE_SCHEMA",
      "input": {
        "schema": "type IntegrationsState {\n  \"Add your global state fields here\"\n  _placeholder: String\n}\n\ntype RequestFinance {\n  apiKey: String\n  email: String\n}\n\ntype GnosisSafe {\n  safeAddress: EthereumAddress\n  signerPrivateKey: String\n}\n\ntype GoogleCloud {\n  projectId: String\n  location: String\n  processorId: String\n  keyFile: String\n}\n\ntype KeyFile {\n  type: String\n  project_id: String\n  private_key_id: String\n  private_key: String\n  client_email: String\n  client_id: String\n  auth_uri: String\n  token_uri: String\n  auth_provider_x509_cert_url: String\n  client_x509_cert_url: String\n  \n  \n}",
        "scope": "global"
      },
      "scope": "global",
      "id": "e5fbfce3-ca38-4038-8488-7d209ca09b77",
      "index": 34,
      "timestamp": "2025-07-23T12:45:05.359Z",
      "hash": "YAsXkE19T0a3eMITCQ6y+IRO92k=",
      "skip": 0
    },
    {
      "context": {
        "signer": {
          "app": {
            "name": "Connect",
            "key": "did:key:zDnaeUCdYmG6wf4RifqdjTyE3XWdm4DvU7XVXd2WFMfj7UAAA"
          },
          "user": {
            "address": "0xadbA7C2F82139031D7564D18aC22D09B12A0BcA4",
            "networkId": "eip155",
            "chainId": 1
          },
          "signatures": [
            [
              "1753274705",
              "did:key:zDnaeUCdYmG6wf4RifqdjTyE3XWdm4DvU7XVXd2WFMfj7UAAA",
              "rewTNxUJV6MmeE2d/Fj87h0ciPo=",
              "YAsXkE19T0a3eMITCQ6y+IRO92k=",
              "0x88d95a224e0ade9e9e616613729074a15f2aee75e171ffbab4fe1ad9c43435f79bd44b00f44cf84f1b03d0293821620c1c368d434e65783b508a5c05248f1dcb"
            ]
          ]
        }
      },
      "type": "SET_STATE_SCHEMA",
      "input": {
        "schema": "type IntegrationsState {\n  \"Add your global state fields here\"\n  _placeholder: String\n}\n\ntype RequestFinance {\n  apiKey: String\n  email: String\n}\n\ntype GnosisSafe {\n  safeAddress: EthereumAddress\n  signerPrivateKey: String\n}\n\ntype GoogleCloud {\n  projectId: String\n  location: String\n  processorId: String\n  keyFile: String\n}\n\ntype KeyFile {\n  type: String\n  project_id: String\n  private_key_id: String\n  private_key: String\n  client_email: String\n  client_id: String\n  auth_uri: String\n  token_uri: String\n  auth_provider_x509_cert_url: String\n  client_x509_cert_url: String\n  \n  \n}",
        "scope": "global"
      },
      "scope": "global",
      "id": "ae9efeb0-091f-4b7d-84a4-49bbd2d0de9e",
      "index": 35,
      "timestamp": "2025-07-23T12:45:05.360Z",
      "hash": "YAsXkE19T0a3eMITCQ6y+IRO92k=",
      "skip": 0
    },
    {
      "context": {
        "signer": {
          "app": {
            "name": "Connect",
            "key": "did:key:zDnaeUCdYmG6wf4RifqdjTyE3XWdm4DvU7XVXd2WFMfj7UAAA"
          },
          "user": {
            "address": "0xadbA7C2F82139031D7564D18aC22D09B12A0BcA4",
            "networkId": "eip155",
            "chainId": 1
          },
          "signatures": [
            [
              "1753274720",
              "did:key:zDnaeUCdYmG6wf4RifqdjTyE3XWdm4DvU7XVXd2WFMfj7UAAA",
              "AYS3nQkOWbyEuCJsbzn4EXBhKew=",
              "YAsXkE19T0a3eMITCQ6y+IRO92k=",
              "0xa1b2a6b36c5f7ce51522ee2317a34e09c2871a3008a635f7d11f89deef3be6a053d0e28484aa8f80a3df9f7af9369e9ef79c52c9ce59250e6c4d4856720572cf"
            ]
          ]
        }
      },
      "type": "SET_STATE_SCHEMA",
      "input": {
        "schema": "type IntegrationsState {\n  \"Add your global state fields here\"\n  _placeholder: String\n}\n\ntype RequestFinance {\n  apiKey: String\n  email: String\n}\n\ntype GnosisSafe {\n  safeAddress: EthereumAddress\n  signerPrivateKey: String\n}\n\ntype GoogleCloud {\n  projectId: String\n  location: String\n  processorId: String\n  keyFile: String\n}\n\ntype KeyFile {\n  type: String\n  project_id: String\n  private_key_id: String\n  private_key: String\n  client_email: String\n  client_id: String\n  auth_uri: String\n  token_uri: String\n  auth_provider_x509_cert_url: String\n  client_x509_cert_url: String\n  universe_domain: String\n}",
        "scope": "global"
      },
      "scope": "global",
      "id": "8707d3eb-6604-4650-8e2c-647ac4719c08",
      "index": 36,
      "timestamp": "2025-07-23T12:45:20.182Z",
      "hash": "CLkvoyuPmTg3VDimBfBrNT/1YXM=",
      "skip": 0
    },
    {
      "context": {
        "signer": {
          "app": {
            "name": "Connect",
            "key": "did:key:zDnaeUCdYmG6wf4RifqdjTyE3XWdm4DvU7XVXd2WFMfj7UAAA"
          },
          "user": {
            "address": "0xadbA7C2F82139031D7564D18aC22D09B12A0BcA4",
            "networkId": "eip155",
            "chainId": 1
          },
          "signatures": [
            [
              "1753274726",
              "did:key:zDnaeUCdYmG6wf4RifqdjTyE3XWdm4DvU7XVXd2WFMfj7UAAA",
              "/0wxHsW3CXxOegcgIVWfhr3VhKM=",
              "CLkvoyuPmTg3VDimBfBrNT/1YXM=",
              "0x74cfec8ee1d07598d4d48be59caff80199c2270eac8e8a8baecc2324e90e9a59e5ba7c3f4131d70bc109d758d22d71744de6160907cc53d6830e855b72a48be5"
            ]
          ]
        }
      },
      "type": "SET_STATE_SCHEMA",
      "input": {
        "schema": "type IntegrationsState {\n  \"Add your global state fields here\"\n  _placeholder: String\n}\n\ntype RequestFinance {\n  apiKey: String\n  email: String\n}\n\ntype GnosisSafe {\n  safeAddress: EthereumAddress\n  signerPrivateKey: String\n}\n\ntype GoogleCloud {\n  projectId: String\n  location: String\n  processorId: String\n  keyFile: KeyFile\n}\n\ntype KeyFile {\n  type: String\n  project_id: String\n  private_key_id: String\n  private_key: String\n  client_email: String\n  client_id: String\n  auth_uri: String\n  token_uri: String\n  auth_provider_x509_cert_url: String\n  client_x509_cert_url: String\n  universe_domain: String\n}",
        "scope": "global"
      },
      "scope": "global",
      "id": "e87f5638-0a0f-4e97-9799-58f2fd2ef04b",
      "index": 37,
      "timestamp": "2025-07-23T12:45:25.726Z",
      "hash": "qk7ftAFQmj5qQvkInVZslWgpbPM=",
      "skip": 0
    },
    {
      "context": {
        "signer": {
          "app": {
            "name": "Connect",
            "key": "did:key:zDnaeUCdYmG6wf4RifqdjTyE3XWdm4DvU7XVXd2WFMfj7UAAA"
          },
          "user": {
            "address": "0xadbA7C2F82139031D7564D18aC22D09B12A0BcA4",
            "networkId": "eip155",
            "chainId": 1
          },
          "signatures": [
            [
              "1753274741",
              "did:key:zDnaeUCdYmG6wf4RifqdjTyE3XWdm4DvU7XVXd2WFMfj7UAAA",
              "Jk0DscZOX+pdAyF8o006jov0v4A=",
              "qk7ftAFQmj5qQvkInVZslWgpbPM=",
              "0x43e1b5de958314317b3a6bea68a87082f1b11f16d8b7ece78b23c523769d65766c8338edda04f7cf19dcb3aab50c01596726a206bc405ec0c52d6be8700da8bc"
            ]
          ]
        }
      },
      "type": "SET_STATE_SCHEMA",
      "input": {
        "schema": "type IntegrationsState {\n  \"Add your global state fields here\"\n  _placeholder: String\n}\n\ntype RequestFinance {\n  apiKey: String\n  email: String\n}\n\ntype GnosisSafe {\n  safeAddress: EthereumAddress\n  signerPrivateKey: String\n}\n\ntype GoogleCloud {\n  projectId: String\n  location: String\n  processorId: String\n  keyFile: KeyFile\n}\n\ntype GoogleKeyFile {\n  type: String\n  project_id: String\n  private_key_id: String\n  private_key: String\n  client_email: String\n  client_id: String\n  auth_uri: String\n  token_uri: String\n  auth_provider_x509_cert_url: String\n  client_x509_cert_url: String\n  universe_domain: String\n}",
        "scope": "global"
      },
      "scope": "global",
      "id": "25d45e70-acc1-4174-bef5-7af6f9a562e8",
      "index": 38,
      "timestamp": "2025-07-23T12:45:40.533Z",
      "hash": "aZ60QPO1ouEDs8Vel/LCXS15RN4=",
      "skip": 0
    },
    {
      "context": {
        "signer": {
          "app": {
            "name": "Connect",
            "key": "did:key:zDnaeUCdYmG6wf4RifqdjTyE3XWdm4DvU7XVXd2WFMfj7UAAA"
          },
          "user": {
            "address": "0xadbA7C2F82139031D7564D18aC22D09B12A0BcA4",
            "networkId": "eip155",
            "chainId": 1
          },
          "signatures": [
            [
              "1753274750",
              "did:key:zDnaeUCdYmG6wf4RifqdjTyE3XWdm4DvU7XVXd2WFMfj7UAAA",
              "U+jdJiHCXfs6s5y2M8wLWa2tjAU=",
              "aZ60QPO1ouEDs8Vel/LCXS15RN4=",
              "0xc1a32837f62a34269c4512c8b9aea1dbc88f7d685d8f037ab14186957d1ce79677b8d8f6e10bd9496ad2329911aeeb9437d3a1eca4a0ef7fb781ff162cc8bf2b"
            ]
          ]
        }
      },
      "type": "SET_STATE_SCHEMA",
      "input": {
        "schema": "type IntegrationsState {\n  \"Add your global state fields here\"\n  _placeholder: String\n}\n\ntype RequestFinance {\n  apiKey: String\n  email: String\n}\n\ntype GnosisSafe {\n  safeAddress: EthereumAddress\n  signerPrivateKey: String\n}\n\ntype GoogleCloud {\n  projectId: String\n  location: String\n  processorId: String\n  keyFile: GoogleKeyFile\n}\n\ntype GoogleKeyFile {\n  type: String\n  project_id: String\n  private_key_id: String\n  private_key: String\n  client_email: String\n  client_id: String\n  auth_uri: String\n  token_uri: String\n  auth_provider_x509_cert_url: String\n  client_x509_cert_url: String\n  universe_domain: String\n}",
        "scope": "global"
      },
      "scope": "global",
      "id": "fe87a195-41fe-41d8-8f56-a74e8e6d41df",
      "index": 39,
      "timestamp": "2025-07-23T12:45:49.591Z",
      "hash": "QocqufQcJ7sinyt9r7kkK03I+3g=",
      "skip": 0
    },
    {
      "context": {
        "signer": {
          "app": {
            "name": "Connect",
            "key": "did:key:zDnaeUCdYmG6wf4RifqdjTyE3XWdm4DvU7XVXd2WFMfj7UAAA"
          },
          "user": {
            "address": "0xadbA7C2F82139031D7564D18aC22D09B12A0BcA4",
            "networkId": "eip155",
            "chainId": 1
          },
          "signatures": [
            [
              "1753274789",
              "did:key:zDnaeUCdYmG6wf4RifqdjTyE3XWdm4DvU7XVXd2WFMfj7UAAA",
              "dAB4lshkGuXc+B2gGKmeAPUZ+co=",
              "QocqufQcJ7sinyt9r7kkK03I+3g=",
              "0x787c0c5b3150106ec18ca5b6328153b7f5353d271e11c24dfad790db06d67bc2f540d57ceb0f692f37ff0bf7d755ae957511b4a386c11fbd668026c7e6dd6590"
            ]
          ]
        }
      },
      "type": "SET_STATE_SCHEMA",
      "input": {
        "schema": "type IntegrationsState {\n  requestFinance: RequestFinance\n  gnosisSafe: GnosisSafe\n  googleCloud: GoogleCloud\n}\n\ntype RequestFinance {\n  apiKey: String\n  email: String\n}\n\ntype GnosisSafe {\n  safeAddress: EthereumAddress\n  signerPrivateKey: String\n}\n\ntype GoogleCloud {\n  projectId: String\n  location: String\n  processorId: String\n  keyFile: GoogleKeyFile\n}\n\ntype GoogleKeyFile {\n  type: String\n  project_id: String\n  private_key_id: String\n  private_key: String\n  client_email: String\n  client_id: String\n  auth_uri: String\n  token_uri: String\n  auth_provider_x509_cert_url: String\n  client_x509_cert_url: String\n  universe_domain: String\n}",
        "scope": "global"
      },
      "scope": "global",
      "id": "080fa946-3d7a-4b13-a409-c612eb739937",
      "index": 40,
      "timestamp": "2025-07-23T12:46:28.951Z",
      "hash": "k+N4tipMfeIPUcbmGkoiOgJb51U=",
      "skip": 0
    },
    {
      "context": {
        "signer": {
          "app": {
            "name": "Connect",
            "key": "did:key:zDnaeUCdYmG6wf4RifqdjTyE3XWdm4DvU7XVXd2WFMfj7UAAA"
          },
          "user": {
            "address": "0xadbA7C2F82139031D7564D18aC22D09B12A0BcA4",
            "networkId": "eip155",
            "chainId": 1
          },
          "signatures": [
            [
              "1753274806",
              "did:key:zDnaeUCdYmG6wf4RifqdjTyE3XWdm4DvU7XVXd2WFMfj7UAAA",
              "MizDOSo0hweYY//tMlk6bziiJuI=",
              "k+N4tipMfeIPUcbmGkoiOgJb51U=",
              "0xaa67d77d4452b2f0dd234539008336b63bd6502eb3e47fc2573d72f234bcdbac491e06895a3da6609779ea64b49879ebc386cf24b3a0be7e0f0a0a92053dfd5d"
            ]
          ]
        }
      },
      "type": "ADD_MODULE",
      "input": {
        "id": "7fbd9402-1079-4909-adec-2679eba37a7e",
        "name": "integrations"
      },
      "scope": "global",
      "id": "29f8870e-d330-4e45-885c-95f398909926",
      "index": 41,
      "timestamp": "2025-07-23T12:46:46.319Z",
      "hash": "tyj4fJA92NAPr4RtzP6lD4acBLc=",
      "skip": 0
    },
    {
      "context": {
        "signer": {
          "app": {
            "name": "Connect",
            "key": "did:key:zDnaeUCdYmG6wf4RifqdjTyE3XWdm4DvU7XVXd2WFMfj7UAAA"
          },
          "user": {
            "address": "0xadbA7C2F82139031D7564D18aC22D09B12A0BcA4",
            "networkId": "eip155",
            "chainId": 1
          },
          "signatures": [
            [
              "1753274817",
              "did:key:zDnaeUCdYmG6wf4RifqdjTyE3XWdm4DvU7XVXd2WFMfj7UAAA",
              "KOMKoP+Jlo+JDinsN71STl2WQXY=",
              "tyj4fJA92NAPr4RtzP6lD4acBLc=",
              "0xddd04fcedebe54556c1ba350bf05e30c6d8c6f5d0be5026df31ade304ead7e703625a4bb1e07ba33a4886814fd81e68c76161b7ba50407f58881ffc1dc9ff1cc"
            ]
          ]
        }
      },
      "type": "ADD_OPERATION",
      "input": {
        "id": "1dc33e69-870b-40d8-bcef-450bf4cf07a4",
        "moduleId": "7fbd9402-1079-4909-adec-2679eba37a7e",
        "name": "SET_REQUEST_FINANCE"
      },
      "scope": "global",
      "id": "92da78fb-79d3-493d-b40d-94aac39fa7b8",
      "index": 42,
      "timestamp": "2025-07-23T12:46:57.214Z",
      "hash": "imqxQVkD7iJGXo8+vYHzk3f2Zfg=",
      "skip": 0
    },
    {
      "context": {
        "signer": {
          "app": {
            "name": "Connect",
            "key": "did:key:zDnaeUCdYmG6wf4RifqdjTyE3XWdm4DvU7XVXd2WFMfj7UAAA"
          },
          "user": {
            "address": "0xadbA7C2F82139031D7564D18aC22D09B12A0BcA4",
            "networkId": "eip155",
            "chainId": 1
          },
          "signatures": [
            [
              "1753274817",
              "did:key:zDnaeUCdYmG6wf4RifqdjTyE3XWdm4DvU7XVXd2WFMfj7UAAA",
              "k6NyPSG2gnqO8evqum+SjoAcozA=",
              "imqxQVkD7iJGXo8+vYHzk3f2Zfg=",
              "0x95706013dc51af4bb7ffd32c73c02b291cccdd861c23c4178f0fb99c38225e9bec0bc692914fb42b65c7aeb920949d4a999fffbdeeba0bbbeda3e2fd4932b78e"
            ]
          ]
        }
      },
      "type": "SET_OPERATION_SCHEMA",
      "input": {
        "id": "1dc33e69-870b-40d8-bcef-450bf4cf07a4",
        "schema": "input SetRequestFinanceInput {\n  \"Add your inputs here\"\n  _placeholder: String\n}"
      },
      "scope": "global",
      "id": "57d9a89d-8686-4eaa-b4c0-2f3c49ecb3c4",
      "index": 43,
      "timestamp": "2025-07-23T12:46:57.262Z",
      "hash": "9VEXsBEIsJJAaNfLP1tZq8yt8JQ=",
      "skip": 0
    },
    {
      "context": {
        "signer": {
          "app": {
            "name": "Connect",
            "key": "did:key:zDnaeUCdYmG6wf4RifqdjTyE3XWdm4DvU7XVXd2WFMfj7UAAA"
          },
          "user": {
            "address": "0xadbA7C2F82139031D7564D18aC22D09B12A0BcA4",
            "networkId": "eip155",
            "chainId": 1
          },
          "signatures": [
            [
              "1753274829",
              "did:key:zDnaeUCdYmG6wf4RifqdjTyE3XWdm4DvU7XVXd2WFMfj7UAAA",
              "7+G7ldGNuAXOqbydvSLQ/b48HYY=",
              "9VEXsBEIsJJAaNfLP1tZq8yt8JQ=",
              "0xe5f6e10c25c31d6d3e4394365a65d0b6fede107ad7f10592ad9a91e6458b42ffd834430daecf85ce0365989ac936bd3ab7a6bf654cf86104df48efbb53742697"
            ]
          ]
        }
      },
      "type": "SET_OPERATION_SCHEMA",
      "input": {
        "id": "1dc33e69-870b-40d8-bcef-450bf4cf07a4",
        "schema": "input SetRequestFinanceInput {\n  apiKey: String\n  email: String\n}"
      },
      "scope": "global",
      "id": "2c9d67cc-00a7-45b2-8095-387af33cc35c",
      "index": 44,
      "timestamp": "2025-07-23T12:47:08.866Z",
      "hash": "BNi+8LX+svmwqGfKsjequNl3rj8=",
      "skip": 0
    },
    {
      "context": {
        "signer": {
          "app": {
            "name": "Connect",
            "key": "did:key:zDnaeUCdYmG6wf4RifqdjTyE3XWdm4DvU7XVXd2WFMfj7UAAA"
          },
          "user": {
            "address": "0xadbA7C2F82139031D7564D18aC22D09B12A0BcA4",
            "networkId": "eip155",
            "chainId": 1
          },
          "signatures": [
            [
              "1753274829",
              "did:key:zDnaeUCdYmG6wf4RifqdjTyE3XWdm4DvU7XVXd2WFMfj7UAAA",
              "PirjXz59pjS8Slu+Yccm1b90gAk=",
              "BNi+8LX+svmwqGfKsjequNl3rj8=",
              "0x104ead8ed7928cb0e1a5c93b499c679c1e784e54cce994766a08d8fd9e999352443fa7b0617fbedb5bef3df9dea11bb9425d484145d2ad4483c8704fccc3dcd3"
            ]
          ]
        }
      },
      "type": "SET_OPERATION_SCHEMA",
      "input": {
        "id": "1dc33e69-870b-40d8-bcef-450bf4cf07a4",
        "schema": "input SetRequestFinanceInput {\n  apiKey: String\n  email: String\n}"
      },
      "scope": "global",
      "id": "2cb39a16-a2cb-47c4-b904-318f8fb3c64b",
      "index": 45,
      "timestamp": "2025-07-23T12:47:08.866Z",
      "hash": "BNi+8LX+svmwqGfKsjequNl3rj8=",
      "skip": 0
    },
    {
      "context": {
        "signer": {
          "app": {
            "name": "Connect",
            "key": "did:key:zDnaeUCdYmG6wf4RifqdjTyE3XWdm4DvU7XVXd2WFMfj7UAAA"
          },
          "user": {
            "address": "0xadbA7C2F82139031D7564D18aC22D09B12A0BcA4",
            "networkId": "eip155",
            "chainId": 1
          },
          "signatures": [
            [
              "1753274839",
              "did:key:zDnaeUCdYmG6wf4RifqdjTyE3XWdm4DvU7XVXd2WFMfj7UAAA",
              "aBwn/a8YZQ5+dqQM+nkfNwMfDm8=",
              "BNi+8LX+svmwqGfKsjequNl3rj8=",
              "0x29d2999b4948420f99747b3d3bb3108f675df1cecd246a1cf3cc11610e0b7660099e25b5f65cf46acfe4af39ab43aa35b27e9d9ddffd1c4f63f1408e688449da"
            ]
          ]
        }
      },
      "type": "ADD_OPERATION",
      "input": {
        "id": "872bbfbb-1f0d-4ee6-9516-ffab5b9fdba7",
        "moduleId": "7fbd9402-1079-4909-adec-2679eba37a7e",
        "name": "SET_GNOSIS_SAFE"
      },
      "scope": "global",
      "id": "ef326bb5-1b50-45f3-b885-f8f507e525e4",
      "index": 46,
      "timestamp": "2025-07-23T12:47:19.150Z",
      "hash": "MgDjmkSIlzqeFYQacfTc6nGccpk=",
      "skip": 0
    },
    {
      "context": {
        "signer": {
          "app": {
            "name": "Connect",
            "key": "did:key:zDnaeUCdYmG6wf4RifqdjTyE3XWdm4DvU7XVXd2WFMfj7UAAA"
          },
          "user": {
            "address": "0xadbA7C2F82139031D7564D18aC22D09B12A0BcA4",
            "networkId": "eip155",
            "chainId": 1
          },
          "signatures": [
            [
              "1753274839",
              "did:key:zDnaeUCdYmG6wf4RifqdjTyE3XWdm4DvU7XVXd2WFMfj7UAAA",
              "SwXq0msAt+AteEj/vocqDNJEIhI=",
              "MgDjmkSIlzqeFYQacfTc6nGccpk=",
              "0xeac6fef471371212ba15ac488899fc06f92ddf54465295e30fb736b0f078b9f9a9fc2d850fac3eb7e66db4b0346f0752c6461648de3d96f0dbc99650ba0fef23"
            ]
          ]
        }
      },
      "type": "SET_OPERATION_SCHEMA",
      "input": {
        "id": "872bbfbb-1f0d-4ee6-9516-ffab5b9fdba7",
        "schema": "input SetGnosisSafeInput {\n  \"Add your inputs here\"\n  _placeholder: String\n}"
      },
      "scope": "global",
      "id": "04e13819-c074-408d-aa87-0ba4545d4241",
      "index": 47,
      "timestamp": "2025-07-23T12:47:19.217Z",
      "hash": "8oi2DgMqRIMPRREU+Q1C2IOseXY=",
      "skip": 0
    },
    {
      "context": {
        "signer": {
          "app": {
            "name": "Connect",
            "key": "did:key:zDnaeUCdYmG6wf4RifqdjTyE3XWdm4DvU7XVXd2WFMfj7UAAA"
          },
          "user": {
            "address": "0xadbA7C2F82139031D7564D18aC22D09B12A0BcA4",
            "networkId": "eip155",
            "chainId": 1
          },
          "signatures": [
            [
              "1753274850",
              "did:key:zDnaeUCdYmG6wf4RifqdjTyE3XWdm4DvU7XVXd2WFMfj7UAAA",
              "ToNaFz5rL29DqmVai48rfAfIM7k=",
              "8oi2DgMqRIMPRREU+Q1C2IOseXY=",
              "0x056e47b25f12cd55b0b41ef29aeb715637acbb0b5ebe65f941995c9b5b1c9d9668d4d0e45738f733162bb65b0c9bd68052426335a8875b1499545f7c0ec37008"
            ]
          ]
        }
      },
      "type": "SET_OPERATION_SCHEMA",
      "input": {
        "id": "872bbfbb-1f0d-4ee6-9516-ffab5b9fdba7",
        "schema": "input SetGnosisSafeInput {\n  safeAddress: EthereumAddress\n  signerPrivateKey: String\n}"
      },
      "scope": "global",
      "id": "92413922-febe-4c64-9157-2f6c594c914c",
      "index": 48,
      "timestamp": "2025-07-23T12:47:30.076Z",
      "hash": "OZx24J4IfbvwDTY+gUpZyhKVNS8=",
      "skip": 0
    },
    {
      "context": {
        "signer": {
          "app": {
            "name": "Connect",
            "key": "did:key:zDnaeUCdYmG6wf4RifqdjTyE3XWdm4DvU7XVXd2WFMfj7UAAA"
          },
          "user": {
            "address": "0xadbA7C2F82139031D7564D18aC22D09B12A0BcA4",
            "networkId": "eip155",
            "chainId": 1
          },
          "signatures": [
            [
              "1753274850",
              "did:key:zDnaeUCdYmG6wf4RifqdjTyE3XWdm4DvU7XVXd2WFMfj7UAAA",
              "ern+keo3kRJIGw6Ao/DEMrV4zU8=",
              "OZx24J4IfbvwDTY+gUpZyhKVNS8=",
              "0xbe44e0e606d37802a3ec100c2800cf29b59c6574e20f066fec7329a5443d016b42d2c4857b4f9bc7631acadeec6688b09db9aeb61522abb4c3538995a5d89040"
            ]
          ]
        }
      },
      "type": "SET_OPERATION_SCHEMA",
      "input": {
        "id": "872bbfbb-1f0d-4ee6-9516-ffab5b9fdba7",
        "schema": "input SetGnosisSafeInput {\n  safeAddress: EthereumAddress\n  signerPrivateKey: String\n}"
      },
      "scope": "global",
      "id": "86ef3641-8aea-4a67-945e-7069c37f9cae",
      "index": 49,
      "timestamp": "2025-07-23T12:47:30.077Z",
      "hash": "OZx24J4IfbvwDTY+gUpZyhKVNS8=",
      "skip": 0
    },
    {
      "context": {
        "signer": {
          "app": {
            "name": "Connect",
            "key": "did:key:zDnaeUCdYmG6wf4RifqdjTyE3XWdm4DvU7XVXd2WFMfj7UAAA"
          },
          "user": {
            "address": "0xadbA7C2F82139031D7564D18aC22D09B12A0BcA4",
            "networkId": "eip155",
            "chainId": 1
          },
          "signatures": [
            [
              "1753274915",
              "did:key:zDnaeUCdYmG6wf4RifqdjTyE3XWdm4DvU7XVXd2WFMfj7UAAA",
              "zaeNjGGWPo3qxVwtTX80WTtJlZY=",
              "OZx24J4IfbvwDTY+gUpZyhKVNS8=",
              "0xc433e90e717352efa489b458beddd300cdda1456d4a56c10d16ce558839e455f737bd64aa66d5c1c1a47b3cddc7accd61eeed456f3a8d3528d965ff8a89d3434"
            ]
          ]
        }
      },
      "type": "ADD_OPERATION",
      "input": {
        "id": "9adc73ea-3d7f-4e80-afd0-fc25476c569f",
        "moduleId": "7fbd9402-1079-4909-adec-2679eba37a7e",
        "name": "SET_GOOGLE_CLOUD"
      },
      "scope": "global",
      "id": "81ac6c3e-3e73-4661-9db8-4680499ed61c",
      "index": 50,
      "timestamp": "2025-07-23T12:48:34.931Z",
      "hash": "I4L4mHtzPickNyHhYn1QdiwCqAw=",
      "skip": 0
    },
    {
      "context": {
        "signer": {
          "app": {
            "name": "Connect",
            "key": "did:key:zDnaeUCdYmG6wf4RifqdjTyE3XWdm4DvU7XVXd2WFMfj7UAAA"
          },
          "user": {
            "address": "0xadbA7C2F82139031D7564D18aC22D09B12A0BcA4",
            "networkId": "eip155",
            "chainId": 1
          },
          "signatures": [
            [
              "1753274915",
              "did:key:zDnaeUCdYmG6wf4RifqdjTyE3XWdm4DvU7XVXd2WFMfj7UAAA",
              "+LPQTuyMdYzb94F/GuPIJai51V0=",
              "I4L4mHtzPickNyHhYn1QdiwCqAw=",
              "0xd0d96c9d8a017ac77793a85204d968804e375f5864abeedd275f652885e7d94981948fe126e7cf1b7a203c705886e523c0a00faf4cff97f74597712835167bca"
            ]
          ]
        }
      },
      "type": "SET_OPERATION_SCHEMA",
      "input": {
        "id": "9adc73ea-3d7f-4e80-afd0-fc25476c569f",
        "schema": "input SetGoogleCloudInput {\n  \"Add your inputs here\"\n  _placeholder: String\n}"
      },
      "scope": "global",
      "id": "0c7539ba-d0fb-48d0-b63d-8873aed1162f",
      "index": 51,
      "timestamp": "2025-07-23T12:48:35.006Z",
      "hash": "5scdXhXdQE2q+6Sbo9I7wfEcbcs=",
      "skip": 0
    },
    {
      "context": {
        "signer": {
          "app": {
            "name": "Connect",
            "key": "did:key:zDnaeUCdYmG6wf4RifqdjTyE3XWdm4DvU7XVXd2WFMfj7UAAA"
          },
          "user": {
            "address": "0xadbA7C2F82139031D7564D18aC22D09B12A0BcA4",
            "networkId": "eip155",
            "chainId": 1
          },
          "signatures": [
            [
              "1753274931",
              "did:key:zDnaeUCdYmG6wf4RifqdjTyE3XWdm4DvU7XVXd2WFMfj7UAAA",
              "/TyeYGMGNcFbEzBe6kzyXParOVU=",
              "5scdXhXdQE2q+6Sbo9I7wfEcbcs=",
              "0x2850bcf31142dffc3f129a86bc252ee43ce6225457a749b1edb68fd473ced9db5450cc6a531dc44a171fa9a4bd69cdbbe44bb210a696e88f4caf70a3b3052e13"
            ]
          ]
        }
      },
      "type": "SET_OPERATION_SCHEMA",
      "input": {
        "id": "9adc73ea-3d7f-4e80-afd0-fc25476c569f",
        "schema": "input SetGoogleCloudInput {\n  projectId: String\n  location: String\n  processorId: String\n  keyFile: GoogleKeyFile\n}"
      },
      "scope": "global",
      "id": "c7461240-0ab3-485a-8a28-cb446c5da7ff",
      "index": 52,
      "timestamp": "2025-07-23T12:48:50.671Z",
      "hash": "TPw4XPsPH9ERgNEPvFSHgo2AUu0=",
      "skip": 0
    },
    {
      "context": {
        "signer": {
          "app": {
            "name": "Connect",
            "key": "did:key:zDnaeUCdYmG6wf4RifqdjTyE3XWdm4DvU7XVXd2WFMfj7UAAA"
          },
          "user": {
            "address": "0xadbA7C2F82139031D7564D18aC22D09B12A0BcA4",
            "networkId": "eip155",
            "chainId": 1
          },
          "signatures": [
            [
              "1753274950",
              "did:key:zDnaeUCdYmG6wf4RifqdjTyE3XWdm4DvU7XVXd2WFMfj7UAAA",
              "FOc7AcyOxobtTkb8VBen7hjMNyY=",
              "TPw4XPsPH9ERgNEPvFSHgo2AUu0=",
              "0xdd3290ac81cb55cfad092fee261434cee36002ba4d46139079cbf0c177c48f7ceac28ecb8515923973249066d715f271390a13ed869ba9d44189d3451ecde513"
            ]
          ]
        }
      },
      "type": "SET_OPERATION_SCHEMA",
      "input": {
        "id": "9adc73ea-3d7f-4e80-afd0-fc25476c569f",
        "schema": "input SetGoogleCloudInput {\n  projectId: String\n  location: String\n  processorId: String\n  keyFile: GoogleKeyFile\n}\n\ninput GoogleKeyFileInput {\n  \n}"
      },
      "scope": "global",
      "id": "aec853ec-bfef-43d7-86f5-4662b0678a1a",
      "index": 53,
      "timestamp": "2025-07-23T12:49:10.426Z",
      "hash": "Xv1MWl4sNWPFoDrYErixjBe0x9g=",
      "skip": 0
    },
    {
      "context": {
        "signer": {
          "app": {
            "name": "Connect",
            "key": "did:key:zDnaeUCdYmG6wf4RifqdjTyE3XWdm4DvU7XVXd2WFMfj7UAAA"
          },
          "user": {
            "address": "0xadbA7C2F82139031D7564D18aC22D09B12A0BcA4",
            "networkId": "eip155",
            "chainId": 1
          },
          "signatures": [
            [
              "1753274955",
              "did:key:zDnaeUCdYmG6wf4RifqdjTyE3XWdm4DvU7XVXd2WFMfj7UAAA",
              "hn6sluG53uX378fipjlFr97DH8o=",
              "Xv1MWl4sNWPFoDrYErixjBe0x9g=",
              "0x721b1cb8f92bf86199aa73d1e3935cda2525919410c6457dfb3ec1c2b63a54758b26d684968294760804e5d9f85173abe38b499080645eaad03414bd0d350325"
            ]
          ]
        }
      },
      "type": "SET_OPERATION_SCHEMA",
      "input": {
        "id": "9adc73ea-3d7f-4e80-afd0-fc25476c569f",
        "schema": "input SetGoogleCloudInput {\n  projectId: String\n  location: String\n  processorId: String\n  keyFile: GoogleKeyFileInput\n}\n\ninput GoogleKeyFileInput {\n  \n}"
      },
      "scope": "global",
      "id": "c340ca5d-1cd3-4e05-b311-be2c1498bc80",
      "index": 54,
      "timestamp": "2025-07-23T12:49:15.413Z",
      "hash": "wigoAmHXSzB6Ab87YO3U1xRtkg0=",
      "skip": 0
    },
    {
      "context": {
        "signer": {
          "app": {
            "name": "Connect",
            "key": "did:key:zDnaeUCdYmG6wf4RifqdjTyE3XWdm4DvU7XVXd2WFMfj7UAAA"
          },
          "user": {
            "address": "0xadbA7C2F82139031D7564D18aC22D09B12A0BcA4",
            "networkId": "eip155",
            "chainId": 1
          },
          "signatures": [
            [
              "1753274955",
              "did:key:zDnaeUCdYmG6wf4RifqdjTyE3XWdm4DvU7XVXd2WFMfj7UAAA",
              "byQDsdJIc87eG3FLI7MJPMuIU7U=",
              "wigoAmHXSzB6Ab87YO3U1xRtkg0=",
              "0xdbca75c7b8f3f26842a6505681b578bdc8aa26ed594b67dfb9043bc6f7d6b799aabad53385442518996a1ce4d55f439edec4a0b12f08daf0969e16380dc5e54f"
            ]
          ]
        }
      },
      "type": "SET_OPERATION_SCHEMA",
      "input": {
        "id": "9adc73ea-3d7f-4e80-afd0-fc25476c569f",
        "schema": "input SetGoogleCloudInput {\n  projectId: String\n  location: String\n  processorId: String\n  keyFile: GoogleKeyFileInput\n}\n\ninput GoogleKeyFileInput {\n  \n}"
      },
      "scope": "global",
      "id": "233658a3-de41-4dff-8462-8deeed3aaf54",
      "index": 55,
      "timestamp": "2025-07-23T12:49:15.413Z",
      "hash": "wigoAmHXSzB6Ab87YO3U1xRtkg0=",
      "skip": 0
    },
    {
      "context": {
        "signer": {
          "app": {
            "name": "Connect",
            "key": "did:key:zDnaeUCdYmG6wf4RifqdjTyE3XWdm4DvU7XVXd2WFMfj7UAAA"
          },
          "user": {
            "address": "0xadbA7C2F82139031D7564D18aC22D09B12A0BcA4",
            "networkId": "eip155",
            "chainId": 1
          },
          "signatures": [
            [
              "1753274963",
              "did:key:zDnaeUCdYmG6wf4RifqdjTyE3XWdm4DvU7XVXd2WFMfj7UAAA",
              "uyXgZJITCs4nXdBneoR5sRmH4vA=",
              "wigoAmHXSzB6Ab87YO3U1xRtkg0=",
              "0x718d9fa179654f9f25b09329e33e85b112c8db53a522ea4bac5b2cad386dda5ddbd9926ca12954d4ace0d44be1256a700ba500b30fe43f38fbbc0d5a45a1682f"
            ]
          ]
        }
      },
      "type": "SET_OPERATION_SCHEMA",
      "input": {
        "id": "9adc73ea-3d7f-4e80-afd0-fc25476c569f",
        "schema": "input SetGoogleCloudInput {\n  projectId: String\n  location: String\n  processorId: String\n  keyFile: GoogleKeyFileInput\n}\n\ninput GoogleKeyFileInput {\n  type: String\n  project_id: String\n  private_key_id: String\n  private_key: String\n  client_email: String\n  client_id: String\n  auth_uri: String\n  token_uri: String\n  auth_provider_x509_cert_url: String\n  client_x509_cert_url: String\n  universe_domain: String\n}"
      },
      "scope": "global",
      "id": "e716c4d2-6e06-4021-8f9c-f30b45048f3f",
      "index": 56,
      "timestamp": "2025-07-23T12:49:22.686Z",
      "hash": "2sYGX+VCR4KcJE4SGRCp84teKCM=",
      "skip": 0
    },
    {
      "context": {
        "signer": {
          "app": {
            "name": "Connect",
            "key": "did:key:zDnaeUCdYmG6wf4RifqdjTyE3XWdm4DvU7XVXd2WFMfj7UAAA"
          },
          "user": {
            "address": "0xadbA7C2F82139031D7564D18aC22D09B12A0BcA4",
            "networkId": "eip155",
            "chainId": 1
          },
          "signatures": [
            [
              "1753274963",
              "did:key:zDnaeUCdYmG6wf4RifqdjTyE3XWdm4DvU7XVXd2WFMfj7UAAA",
              "zjS3Mqf4PXhxJ57LBDtL4oj6cZk=",
              "2sYGX+VCR4KcJE4SGRCp84teKCM=",
              "0x1af62c5745cd4052f591dd19d8fd5845b370ef2d55f8698e19e23fc9d0e0b0018965d15421f1d338126a1b22e56d2834a34a5d95853fdfc93a022c55123f4076"
            ]
          ]
        }
      },
      "type": "SET_OPERATION_SCHEMA",
      "input": {
        "id": "9adc73ea-3d7f-4e80-afd0-fc25476c569f",
        "schema": "input SetGoogleCloudInput {\n  projectId: String\n  location: String\n  processorId: String\n  keyFile: GoogleKeyFileInput\n}\n\ninput GoogleKeyFileInput {\n  type: String\n  project_id: String\n  private_key_id: String\n  private_key: String\n  client_email: String\n  client_id: String\n  auth_uri: String\n  token_uri: String\n  auth_provider_x509_cert_url: String\n  client_x509_cert_url: String\n  universe_domain: String\n}"
      },
      "scope": "global",
      "id": "77db21fe-d121-4c5f-afea-8a0d68812523",
      "index": 57,
      "timestamp": "2025-07-23T12:49:22.686Z",
      "hash": "2sYGX+VCR4KcJE4SGRCp84teKCM=",
      "skip": 0
    },
    {
      "context": {
        "signer": {
          "app": {
            "name": "Connect",
            "key": "did:key:zDnaeUCdYmG6wf4RifqdjTyE3XWdm4DvU7XVXd2WFMfj7UAAA"
          },
          "user": {
            "address": "0xadbA7C2F82139031D7564D18aC22D09B12A0BcA4",
            "networkId": "eip155",
            "chainId": 1
          },
          "signatures": [
            [
              "1753274974",
              "did:key:zDnaeUCdYmG6wf4RifqdjTyE3XWdm4DvU7XVXd2WFMfj7UAAA",
              "kQlJU8j9AgRBuEDh0r1H6Io6Ghs=",
              "2sYGX+VCR4KcJE4SGRCp84teKCM=",
              "0x3e4a381a6aed45724f97398ffdaf87e2d1bda891e9a2071f7375e4c6cec0d3cd4e04679b6b2f642b7f53a4adb0639ac5096d8ffcecba02e4dd15424480e73c5a"
            ]
          ]
        }
      },
      "type": "SET_INITIAL_STATE",
      "input": {
        "initialValue": "{\n  \"_placeholder\": null\n}",
        "scope": "global"
      },
      "scope": "global",
      "id": "5bf88950-2e9e-4f14-9669-f7aa1fea4e86",
      "index": 58,
      "timestamp": "2025-07-23T12:49:33.661Z",
      "hash": "4eAU93Pf7uxaFyJJwMDH7KXDssc=",
      "skip": 0
    },
    {
      "context": {
        "signer": {
          "app": {
            "name": "Connect",
            "key": "did:key:zDnaeUCdYmG6wf4RifqdjTyE3XWdm4DvU7XVXd2WFMfj7UAAA"
          },
          "user": {
            "address": "0xadbA7C2F82139031D7564D18aC22D09B12A0BcA4",
            "networkId": "eip155",
            "chainId": 1
          },
          "signatures": [
            [
              "1753274975",
              "did:key:zDnaeUCdYmG6wf4RifqdjTyE3XWdm4DvU7XVXd2WFMfj7UAAA",
              "MY6/MawwObotQ5yhgHCzFVtkjy4=",
              "4eAU93Pf7uxaFyJJwMDH7KXDssc=",
              "0xc246234e321e9237274f8978f8b77b73f1f73d6264792b77a4cf6590dcf96325ffb1fce04f5e3d26f690c11931776c8c587a6c11f14a35baa022101af2b69cd8"
            ]
          ]
        }
      },
      "type": "SET_INITIAL_STATE",
      "input": {
        "initialValue": "{}",
        "scope": "global"
      },
      "scope": "global",
      "id": "4d7503f4-b4a1-40d1-b864-3ed439f79c6c",
      "index": 59,
      "timestamp": "2025-07-23T12:49:34.797Z",
      "hash": "G345VL9dH/0qR+eLZtUrkym9u4A=",
      "skip": 0
    },
    {
      "context": {
        "signer": {
          "app": {
            "name": "Connect",
            "key": "did:key:zDnaeUCdYmG6wf4RifqdjTyE3XWdm4DvU7XVXd2WFMfj7UAAA"
          },
          "user": {
            "address": "0xadbA7C2F82139031D7564D18aC22D09B12A0BcA4",
            "networkId": "eip155",
            "chainId": 1
          },
          "signatures": []
        }
      },
      "type": "SET_INITIAL_STATE",
      "input": {
        "initialValue": "{\n  requestFinance: {}\n}",
        "scope": "global"
      },
      "scope": "global",
      "id": "6d01b765-fe5d-4548-9526-68c50c1a320b",
      "index": 60,
      "timestamp": "2025-07-23T12:57:12.316Z",
      "hash": "rU1fG46FTcpFXShb+EN23BA58UE=",
      "skip": 0
    },
    {
      "context": {
        "signer": {
          "app": {
            "name": "Connect",
            "key": "did:key:zDnaeUCdYmG6wf4RifqdjTyE3XWdm4DvU7XVXd2WFMfj7UAAA"
          },
          "user": {
            "address": "0xadbA7C2F82139031D7564D18aC22D09B12A0BcA4",
            "networkId": "eip155",
            "chainId": 1
          },
          "signatures": []
        }
      },
      "type": "SET_INITIAL_STATE",
      "input": {
        "initialValue": "{\n  requestFinance: {},\n  gnosisSafe: {},\n  googleCloud: {}\n}",
        "scope": "global"
      },
      "scope": "global",
      "id": "c067afee-2b75-4341-9dbf-323bbed6baa4",
      "index": 61,
      "timestamp": "2025-07-23T12:57:30.673Z",
      "hash": "EgaaiaP5/excGKeALnmlI5+dy3w=",
      "skip": 0
    },
    {
      "context": {
        "signer": {
          "app": {
            "name": "Connect",
            "key": "did:key:zDnaeUCdYmG6wf4RifqdjTyE3XWdm4DvU7XVXd2WFMfj7UAAA"
          },
          "user": {
            "address": "0xadbA7C2F82139031D7564D18aC22D09B12A0BcA4",
            "networkId": "eip155",
            "chainId": 1
          },
          "signatures": []
        }
      },
      "type": "SET_INITIAL_STATE",
      "input": {
        "initialValue": "{\n  requestFinance: {},\n  gnosisSafe: {},\n  googleCloud: {}\n}",
        "scope": "global"
      },
      "scope": "global",
      "id": "b838f46e-b90b-4927-824f-d4010f3c79c4",
      "index": 62,
      "timestamp": "2025-07-23T12:57:30.677Z",
      "hash": "EgaaiaP5/excGKeALnmlI5+dy3w=",
      "skip": 0
    },
    {
      "context": {
        "signer": {
          "app": {
            "name": "Connect",
            "key": "did:key:zDnaeUCdYmG6wf4RifqdjTyE3XWdm4DvU7XVXd2WFMfj7UAAA"
          },
          "user": {
            "address": "0xadbA7C2F82139031D7564D18aC22D09B12A0BcA4",
            "networkId": "eip155",
            "chainId": 1
          },
          "signatures": []
        }
      },
      "type": "SET_INITIAL_STATE",
      "input": {
        "initialValue": "{\n  requestFinance: {\n  apiKey: \"\",\n  email: \"\"\n  },\n  gnosisSafe: {},\n  googleCloud: {}\n}",
        "scope": "global"
      },
      "scope": "global",
      "id": "cf81fa51-81e4-49a4-ad16-009ffb57e453",
      "index": 63,
      "timestamp": "2025-07-23T12:58:13.422Z",
      "hash": "3pB6HcH9pKe2iMmdDehOTRjvU0c=",
      "skip": 0
    },
    {
      "context": {
        "signer": {
          "app": {
            "name": "Connect",
            "key": "did:key:zDnaeUCdYmG6wf4RifqdjTyE3XWdm4DvU7XVXd2WFMfj7UAAA"
          },
          "user": {
            "address": "0xadbA7C2F82139031D7564D18aC22D09B12A0BcA4",
            "networkId": "eip155",
            "chainId": 1
          },
          "signatures": []
        }
      },
      "type": "SET_INITIAL_STATE",
      "input": {
        "initialValue": "{\n  requestFinance: {\n  apiKey: \"\",\n  email: \"\"\n  },\n  gnosisSafe: {},\n  googleCloud: {}\n}",
        "scope": "global"
      },
      "scope": "global",
      "id": "7e770837-fd95-431d-a8d8-c5637fc84c58",
      "index": 64,
      "timestamp": "2025-07-23T12:58:13.427Z",
      "hash": "3pB6HcH9pKe2iMmdDehOTRjvU0c=",
      "skip": 0
    },
    {
      "context": {
        "signer": {
          "app": {
            "name": "Connect",
            "key": "did:key:zDnaeUCdYmG6wf4RifqdjTyE3XWdm4DvU7XVXd2WFMfj7UAAA"
          },
          "user": {
            "address": "0xadbA7C2F82139031D7564D18aC22D09B12A0BcA4",
            "networkId": "eip155",
            "chainId": 1
          },
          "signatures": []
        }
      },
      "type": "SET_INITIAL_STATE",
      "input": {
        "initialValue": "{\n  requestFinance: {\n  apiKey: \"\",\n  email: \"\"\n  },\n}",
        "scope": "global"
      },
      "scope": "global",
      "id": "fdc69128-cae1-4e1a-a178-eeefd64d7410",
      "index": 65,
      "timestamp": "2025-07-23T12:58:21.139Z",
      "hash": "bpX/XI7f52DidPYxARs316YTo3Y=",
      "skip": 0
    },
    {
      "context": {
        "signer": {
          "app": {
            "name": "Connect",
            "key": "did:key:zDnaeUCdYmG6wf4RifqdjTyE3XWdm4DvU7XVXd2WFMfj7UAAA"
          },
          "user": {
            "address": "0xadbA7C2F82139031D7564D18aC22D09B12A0BcA4",
            "networkId": "eip155",
            "chainId": 1
          },
          "signatures": []
        }
      },
      "type": "SET_INITIAL_STATE",
      "input": {
        "initialValue": "{\n  requestFinance: {\n  apiKey: \"\",\n  email: \"\"\n  },\n}",
        "scope": "global"
      },
      "scope": "global",
      "id": "79d32eb5-d02b-4d0f-85a4-7ed1923dc057",
      "index": 66,
      "timestamp": "2025-07-23T12:58:21.141Z",
      "hash": "bpX/XI7f52DidPYxARs316YTo3Y=",
      "skip": 0
    },
    {
      "context": {
        "signer": {
          "app": {
            "name": "Connect",
            "key": "did:key:zDnaeUCdYmG6wf4RifqdjTyE3XWdm4DvU7XVXd2WFMfj7UAAA"
          },
          "user": {
            "address": "0xadbA7C2F82139031D7564D18aC22D09B12A0BcA4",
            "networkId": "eip155",
            "chainId": 1
          },
          "signatures": []
        }
      },
      "type": "SET_INITIAL_STATE",
      "input": {
        "initialValue": "",
        "scope": "global"
      },
      "scope": "global",
      "id": "da502ff3-3275-431a-86ed-46163ba56780",
      "index": 67,
      "timestamp": "2025-07-23T12:58:43.384Z",
      "hash": "2sYGX+VCR4KcJE4SGRCp84teKCM=",
      "skip": 0
    },
    {
      "context": {
        "signer": {
          "app": {
            "name": "Connect",
            "key": "did:key:zDnaeUCdYmG6wf4RifqdjTyE3XWdm4DvU7XVXd2WFMfj7UAAA"
          },
          "user": {
            "address": "0xadbA7C2F82139031D7564D18aC22D09B12A0BcA4",
            "networkId": "eip155",
            "chainId": 1
          },
          "signatures": []
        }
      },
      "type": "SET_INITIAL_STATE",
      "input": {
        "initialValue": "",
        "scope": "global"
      },
      "scope": "global",
      "id": "58a4ed7b-de83-4990-9f2a-74c219336f32",
      "index": 68,
      "timestamp": "2025-07-23T12:58:43.387Z",
      "hash": "2sYGX+VCR4KcJE4SGRCp84teKCM=",
      "skip": 0
    },
    {
      "context": {
        "signer": {
          "app": {
            "name": "Connect",
            "key": "did:key:zDnaeUCdYmG6wf4RifqdjTyE3XWdm4DvU7XVXd2WFMfj7UAAA"
          },
          "user": {
            "address": "0xadbA7C2F82139031D7564D18aC22D09B12A0BcA4",
            "networkId": "eip155",
            "chainId": 1
          },
          "signatures": []
        }
      },
      "type": "SET_INITIAL_STATE",
      "input": {
        "initialValue": "{}",
        "scope": "global"
      },
      "scope": "global",
      "id": "88cdcb7b-b90a-4898-ab33-50686d1fb60a",
      "index": 69,
      "timestamp": "2025-07-23T12:58:43.850Z",
      "hash": "G345VL9dH/0qR+eLZtUrkym9u4A=",
      "skip": 0
    }
  ],
  "local": []
}